Workbook

Sheet FSS & VESDA
A1: Daily FSS & VESDA System Check
A2: Date | B2: Location Name | C2: Gas Release panel (auto/manual) | D2: Detectors LED Blinking (yes/No | E2: Inergen Pressure in green band (Yes/No) | F2: Smoke Detector Visible (Yes/No) | G2: FM nozle area clean (Yes/No) | H2: Any alarm on FAS (Yes/No) | I2: VESDA pipe (Ok/Not ok) | J2: Any loose Connection of batttery terminals (Yes/No) | K2: Panel Battery Voltage (V) | L2: Technician | M2: Remarks
A3: 46082 | B3: Swith Room | C3: Auto | D3: Yes | E3: No | F3: Yes | G3: Yes | H3: No | I3: Ok | J3: No | K3: 24 | L3: CHOMBA | M3: OK
B4: IBM Room | C4: Auto | D4: Yes | E4: Yes | F4: Yes | G4: Yes | H4: No | I4: Ok | J4: No | K4: 24
B5: Power Room | C5: Auto | D5: Yes | E5: Yes | F5: Yes | G5: Yes | H5: No | I5: Ok | J5: No | K5: 24
B6: Battery Room | C6: Auto | D6: Yes | E6: Yes | F6: Yes | G6: Yes | H6: No | I6: Ok | J6: No | K6: 24
B7: Enterprise Room 1 | C7: Auto | D7: Yes | E7: Yes | F7: Yes | G7: Yes | H7: No | I7: Ok | J7: No | K7: 24
B8: Enterprise Room 2 | C8: Auto | D8: Yes | E8: Yes | F8: Yes | G8: Yes | H8: No | I8: Ok | J8: No | K8: 24
A9: 46083 | B9: Swith Room | C9: Auto | D9: Yes | E9: No | F9: Yes | G9: Yes | H9: No | I9: Ok | J9: No | K9: 24 | L9: CHOMBA | M9: OK
B10: IBM Room | C10: Auto | D10: Yes | E10: Yes | F10: Yes | G10: Yes | H10: No | I10: Ok | J10: No | K10: 24
B11: Power Room | C11: Auto | D11: Yes | E11: Yes | F11: Yes | G11: Yes | H11: No | I11: Ok | J11: No | K11: 24
B12: Battery Room | C12: Auto | D12: Yes | E12: Yes | F12: Yes | G12: Yes | H12: No | I12: Ok | J12: No | K12: 24
B13: Enterprise Room 1 | C13: Auto | D13: Yes | E13: Yes | F13: Yes | G13: Yes | H13: No | I13: Ok | J13: No | K13: 24
B14: Enterprise Room 2 | C14: Auto | D14: Yes | E14: Yes | F14: Yes | G14: Yes | H14: No | I14: Ok | J14: No | K14: 24
A15: 46084 | B15: Swith Room | C15: Auto | D15: Yes | E15: No | F15: Yes | G15: Yes | H15: No | I15: Ok | J15: No | K15: 24 | L15: CHOMBA | M15: OK
B16: IBM Room | C16: Auto | D16: Yes | E16: Yes | F16: Yes | G16: Yes | H16: No | I16: Ok | J16: No | K16: 24
B17: Power Room | C17: Auto | D17: Yes | E17: Yes | F17: Yes | G17: Yes | H17: No | I17: Ok | J17: No | K17: 24
B18: Battery Room | C18: Auto | D18: Yes | E18: Yes | F18: Yes | G18: Yes | H18: No | I18: Ok | J18: No | K18: 24
B19: Enterprise Room 1 | C19: Auto | D19: Yes | E19: Yes | F19: Yes | G19: Yes | H19: No | I19: Ok | J19: No | K19: 24
B20: Enterprise Room 2 | C20: Auto | D20: Yes | E20: Yes | F20: Yes | G20: Yes | H20: No | I20: Ok | J20: No | K20: 24
A21: 46085 | B21: Swith Room | C21: Auto | D21: Yes | E21: No | F21: Yes | G21: Yes | H21: No | I21: Ok | J21: No | K21: 24 | L21: CHOMBA | M21: OK
B22: IBM Room | C22: Auto | D22: Yes | E22: Yes | F22: Yes | G22: Yes | H22: No | I22: Ok | J22: No | K22: 24
B23: Power Room | C23: Auto | D23: Yes | E23: Yes | F23: Yes | G23: Yes | H23: No | I23: Ok | J23: No | K23: 24
B24: Battery Room | C24: Auto | D24: Yes | E24: Yes | F24: Yes | G24: Yes | H24: No | I24: Ok | J24: No | K24: 24
B25: Enterprise Room 1 | C25: Auto | D25: Yes | E25: Yes | F25: Yes | G25: Yes | H25: No | I25: Ok | J25: No | K25: 24
B26: Enterprise Room 2 | C26: Auto | D26: Yes | E26: Yes | F26: Yes | G26: Yes | H26: No | I26: Ok | J26: No | K26: 24
A27: 46086 | B27: Swith Room | C27: Auto | D27: Yes | E27: No | F27: Yes | G27: Yes | H27: No | I27: Ok | J27: No | K27: 24 | L27: CHOMBA | M27: OK
B28: IBM Room | C28: Auto | D28: Yes | E28: Yes | F28: Yes | G28: Yes | H28: No | I28: Ok | J28: No | K28: 24
B29: Power Room | C29: Auto | D29: Yes | E29: Yes | F29: Yes | G29: Yes | H29: No | I29: Ok | J29: No | K29: 24
B30: Battery Room | C30: Auto | D30: Yes | E30: Yes | F30: Yes | G30: Yes | H30: No | I30: Ok | J30: No | K30: 24
B31: Enterprise Room 1 | C31: Auto | D31: Yes | E31: Yes | F31: Yes | G31: Yes | H31: No | I31: Ok | J31: No | K31: 24
B32: Enterprise Room 2 | C32: Auto | D32: Yes | E32: Yes | F32: Yes | G32: Yes | H32: No | I32: Ok | J32: No | K32: 24
A33: 46087 | B33: Swith Room | C33: Auto | D33: Yes | E33: No | F33: Yes | G33: Yes | H33: No | I33: Ok | J33: No | K33: 24 | L33: CHOMBA | M33: OK
B34: IBM Room | C34: Auto | D34: Yes | E34: Yes | F34: Yes | G34: Yes | H34: No | I34: Ok | J34: No | K34: 24
B35: Power Room | C35: Auto | D35: Yes | E35: Yes | F35: Yes | G35: Yes | H35: No | I35: Ok | J35: No | K35: 24
B36: Battery Room | C36: Auto | D36: Yes | E36: Yes | F36: Yes | G36: Yes | H36: No | I36: Ok | J36: No | K36: 24
B37: Enterprise Room 1 | C37: Auto | D37: Yes | E37: Yes | F37: Yes | G37: Yes | H37: No | I37: Ok | J37: No | K37: 24
B38: Enterprise Room 2 | C38: Auto | D38: Yes | E38: Yes | F38: Yes | G38: Yes | H38: No | I38: Ok | J38: No | K38: 24
A39: 46088 | B39: Swith Room | C39: Auto | D39: Yes | E39: No | F39: Yes | G39: Yes | H39: No | I39: Ok | J39: No | K39: 24 | L39: PETER | M39: OK
B40: IBM Room | C40: Auto | D40: Yes | E40: Yes | F40: Yes | G40: Yes | H40: No | I40: Ok | J40: No | K40: 24
B41: Power Room | C41: Auto | D41: Yes | E41: Yes | F41: Yes | G41: Yes | H41: No | I41: Ok | J41: No | K41: 24
B42: Battery Room | C42: Auto | D42: Yes | E42: Yes | F42: Yes | G42: Yes | H42: No | I42: Ok | J42: No | K42: 24
B43: Enterprise Room 1 | C43: Auto | D43: Yes | E43: Yes | F43: Yes | G43: Yes | H43: No | I43: Ok | J43: No | K43: 24
B44: Enterprise Room 2 | C44: Auto | D44: Yes | E44: Yes | F44: Yes | G44: Yes | H44: No | I44: Ok | J44: No | K44: 24
A45: 46089 | B45: Swith Room | C45: Auto | D45: Yes | E45: No | F45: Yes | G45: Yes | H45: No | I45: Ok | J45: No | K45: 24 | L45: PETER | M45: OK
B46: IBM Room | C46: Auto | D46: Yes | E46: Yes | F46: Yes | G46: Yes | H46: No | I46: Ok | J46: No | K46: 24
B47: Power Room | C47: Auto | D47: Yes | E47: Yes | F47: Yes | G47: Yes | H47: No | I47: Ok | J47: No | K47: 24
B48: Battery Room | C48: Auto | D48: Yes | E48: Yes | F48: Yes | G48: Yes | H48: No | I48: Ok | J48: No | K48: 24
B49: Enterprise Room 1 | C49: Auto | D49: Yes | E49: Yes | F49: Yes | G49: Yes | H49: No | I49: Ok | J49: No | K49: 24
B50: Enterprise Room 2 | C50: Auto | D50: Yes | E50: Yes | F50: Yes | G50: Yes | H50: No | I50: Ok | J50: No | K50: 24
A51: 46090 | B51: Swith Room | C51: Auto | D51: Yes | E51: No | F51: Yes | G51: Yes | H51: No | I51: Ok | J51: No | K51: 24 | L51: PETER | M51: OK
B52: IBM Room | C52: Auto | D52: Yes | E52: Yes | F52: Yes | G52: Yes | H52: No | I52: Ok | J52: No | K52: 24
B53: Power Room | C53: Auto | D53: Yes | E53: Yes | F53: Yes | G53: Yes | H53: No | I53: Ok | J53: No | K53: 24
B54: Battery Room | C54: Auto | D54: Yes | E54: Yes | F54: Yes | G54: Yes | H54: No | I54: Ok | J54: No | K54: 24
B55: Enterprise Room 1 | C55: Auto | D55: Yes | E55: Yes | F55: Yes | G55: Yes | H55: No | I55: Ok | J55: No | K55: 24
B56: Enterprise Room 2 | C56: Auto | D56: Yes | E56: Yes | F56: Yes | G56: Yes | H56: No | I56: Ok | J56: No | K56: 24
A57: 46091 | B57: Swith Room | C57: Auto | D57: Yes | E57: No | F57: Yes | G57: Yes | H57: No | I57: Ok | J57: No | K57: 24 | L57: PETER | M57: OK
B58: IBM Room | C58: Auto | D58: Yes | E58: Yes | F58: Yes | G58: Yes | H58: No | I58: Ok | J58: No | K58: 24
B59: Power Room | C59: Auto | D59: Yes | E59: Yes | F59: Yes | G59: Yes | H59: No | I59: Ok | J59: No | K59: 24
B60: Battery Room | C60: Auto | D60: Yes | E60: Yes | F60: Yes | G60: Yes | H60: No | I60: Ok | J60: No | K60: 24
B61: Enterprise Room 1 | C61: Auto | D61: Yes | E61: Yes | F61: Yes | G61: Yes | H61: No | I61: Ok | J61: No | K61: 24
B62: Enterprise Room 2 | C62: Auto | D62: Yes | E62: Yes | F62: Yes | G62: Yes | H62: No | I62: Ok | J62: No | K62: 24
A63: 46092 | B63: Swith Room | C63: Auto | D63: Yes | E63: No | F63: Yes | G63: Yes | H63: No | I63: Ok | J63: No | K63: 24 | L63: PETER | M63: OK
B64: IBM Room | C64: Auto | D64: Yes | E64: Yes | F64: Yes | G64: Yes | H64: No | I64: Ok | J64: No | K64: 24
B65: Power Room | C65: Auto | D65: Yes | E65: Yes | F65: Yes | G65: Yes | H65: No | I65: Ok | J65: No | K65: 24
B66: Battery Room | C66: Auto | D66: Yes | E66: Yes | F66: Yes | G66: Yes | H66: No | I66: Ok | J66: No | K66: 24
B67: Enterprise Room 1 | C67: Auto | D67: Yes | E67: Yes | F67: Yes | G67: Yes | H67: No | I67: Ok | J67: No | K67: 24
B68: Enterprise Room 2 | C68: Auto | D68: Yes | E68: Yes | F68: Yes | G68: Yes | H68: No | I68: Ok | J68: No | K68: 24
A69: 46093 | B69: Swith Room | C69: Auto | D69: Yes | E69: No | F69: Yes | G69: Yes | H69: No | I69: Ok | J69: No | K69: 24 | L69: PETER | M69: OK
B70: IBM Room | C70: Auto | D70: Yes | E70: Yes | F70: Yes | G70: Yes | H70: No | I70: Ok | J70: No | K70: 24
B71: Power Room | C71: Auto | D71: Yes | E71: Yes | F71: Yes | G71: Yes | H71: No | I71: Ok | J71: No | K71: 24
B72: Battery Room | C72: Auto | D72: Yes | E72: Yes | F72: Yes | G72: Yes | H72: No | I72: Ok | J72: No | K72: 24
B73: Enterprise Room 1 | C73: Auto | D73: Yes | E73: Yes | F73: Yes | G73: Yes | H73: No | I73: Ok | J73: No | K73: 24
B74: Enterprise Room 2 | C74: Auto | D74: Yes | E74: Yes | F74: Yes | G74: Yes | H74: No | I74: Ok | J74: No | K74: 24
A75: 46094 | B75: Swith Room | C75: Auto | D75: Yes | E75: No | F75: Yes | G75: Yes | H75: No | I75: Ok | J75: No | K75: 24 | L75: PETER | M75: OK
B76: IBM Room | C76: Auto | D76: Yes | E76: Yes | F76: Yes | G76: Yes | H76: No | I76: Ok | J76: No | K76: 24
B77: Power Room | C77: Auto | D77: Yes | E77: Yes | F77: Yes | G77: Yes | H77: No | I77: Ok | J77: No | K77: 24
B78: Battery Room | C78: Auto | D78: Yes | E78: Yes | F78: Yes | G78: Yes | H78: No | I78: Ok | J78: No | K78: 24
B79: Enterprise Room 1 | C79: Auto | D79: Yes | E79: Yes | F79: Yes | G79: Yes | H79: No | I79: Ok | J79: No | K79: 24
B80: Enterprise Room 2 | C80: Auto | D80: Yes | E80: Yes | F80: Yes | G80: Yes | H80: No | I80: Ok | J80: No | K80: 24
A81: 46095 | B81: Swith Room | C81: Auto | D81: Yes | E81: No | F81: Yes | G81: Yes | H81: No | I81: Ok | J81: No | K81: 24 | L81: PETER | M81: OK
B82: IBM Room | C82: Auto | D82: Yes | E82: Yes | F82: Yes | G82: Yes | H82: No | I82: Ok | J82: No | K82: 24
B83: Power Room | C83: Auto | D83: Yes | E83: Yes | F83: Yes | G83: Yes | H83: No | I83: Ok | J83: No | K83: 24
B84: Battery Room | C84: Auto | D84: Yes | E84: Yes | F84: Yes | G84: Yes | H84: No | I84: Ok | J84: No | K84: 24
B85: Enterprise Room 1 | C85: Auto | D85: Yes | E85: Yes | F85: Yes | G85: Yes | H85: No | I85: Ok | J85: No | K85: 24
B86: Enterprise Room 2 | C86: Auto | D86: Yes | E86: Yes | F86: Yes | G86: Yes | H86: No | I86: Ok | J86: No | K86: 24
A87: 46096 | B87: Swith Room | C87: Auto | D87: Yes | E87: No | F87: Yes | G87: Yes | H87: No | I87: Ok | J87: No | K87: 24 | L87: CHOMBA | M87: OK
B88: IBM Room | C88: Auto | D88: Yes | E88: Yes | F88: Yes | G88: Yes | H88: No | I88: Ok | J88: No | K88: 24
B89: Power Room | C89: Auto | D89: Yes | E89: Yes | F89: Yes | G89: Yes | H89: No | I89: Ok | J89: No | K89: 24
B90: Battery Room | C90: Auto | D90: Yes | E90: Yes | F90: Yes | G90: Yes | H90: No | I90: Ok | J90: No | K90: 24
B91: Enterprise Room 1 | C91: Auto | D91: Yes | E91: Yes | F91: Yes | G91: Yes | H91: No | I91: Ok | J91: No | K91: 24
B92: Enterprise Room 2 | C92: Auto | D92: Yes | E92: Yes | F92: Yes | G92: Yes | H92: No | I92: Ok | J92: No | K92: 24
A93: 46097 | B93: Swith Room | C93: Auto | D93: Yes | E93: No | F93: Yes | G93: Yes | H93: No | I93: Ok | J93: No | K93: 24 | L93: CHOMBA | M93: OK
B94: IBM Room | C94: Auto | D94: Yes | E94: Yes | F94: Yes | G94: Yes | H94: No | I94: Ok | J94: No | K94: 24
B95: Power Room | C95: Auto | D95: Yes | E95: Yes | F95: Yes | G95: Yes | H95: No | I95: Ok | J95: No | K95: 24
B96: Battery Room | C96: Auto | D96: Yes | E96: Yes | F96: Yes | G96: Yes | H96: No | I96: Ok | J96: No | K96: 24
B97: Enterprise Room 1 | C97: Auto | D97: Yes | E97: Yes | F97: Yes | G97: Yes | H97: No | I97: Ok | J97: No | K97: 24
B98: Enterprise Room 2 | C98: Auto | D98: Yes | E98: Yes | F98: Yes | G98: Yes | H98: No | I98: Ok | J98: No | K98: 24
A99: 46098 | B99: Swith Room
B100: IBM Room
...

Sheet Inergen Gas Cylinder
A1: Daily Inergen Gas Cylinder Check (Pressure Gauge)
A2: Date | B2: Time | C2: Cyl-1 | D2: Cyl-2 | E2: Cyl-3 | F2: Cyl-4 | G2: Cyl-5 | H2: Cyl-6 | I2: Cyl-7 | J2: Cyl-8 | K2: Cyl-9 | L2: Cyl-10 | M2: Cyl-11 | N2: Cyl-12 | O2: Cyl-13 | P2: Cyl-14 | Q2: Cyl-15 | R2: Cyl-16 | S2: Cyl-17 | T2: Cyl-18 | U2: Cyl-19 | V2: Cyl-20 | W2: Cyl-21 | X2: Cyl-22 | Y2: Cyl-23 | Z2: Cyl-24 | AA2: Cyl-25 | AB2: Cyl-26 | AC2: Cyl-27 | AD2: Cyl-28 | AE2: Cyl-29 | AF2: Cyl-30 | AG2: Cyl-31 | AH2: Cyl-32 | AI2: Cyl-33 | AJ2: Cyl-34 | AK2: Cyl-35 | AL2: Cyl-36 | AM2: Cyl-37 | AN2: Cyl-38 | AO2: Cyl-39 | AP2: Cyl-40 | AQ2: Cyl-41 | AR2: Cyl-42 | AS2: Cyl-43 | AT2: Cyl-44 | AU2: Cyl-45 | AV2: Cyl-46 | AW2: Cyl-47 | AX2: Cyl-48 | AY2: Cyl-49 | AZ2: Cyl-50 | BA2: Cyl-51 | BB2: Cyl-52 | BC2: Cyl-53 | BD2: Cyl-54 | BE2: Cyl-55 | BF2: Cyl-56 | BG2: Cyl-57 | BH2: Cyl-58 | BI2: Cyl-59 | BJ2: Cyl-60 | BK2: Cyl-61 | BL2: Cyl-62 | BM2: Cyl-63 | BN2: Cyl-64 | BO2: Cyl-65 | BP2: Cyl-66 | BQ2: Cyl-67 | BR2: Technician Name | BS2: Remarks
A3: 46174 | B3: 0.25 | C3: Ok | D3: Ok | E3: Ok | F3: Ok | G3: Ok | H3: Ok | I3: Ok | J3: Ok | K3: Ok | L3: Ok | M3: Ok | N3: Not Ok | O3: Not Ok | P3: Not Ok | Q3: Not Ok | R3: Not Ok | S3: Not Ok | T3: Not Ok | U3: Ok | V3: Ok | W3: Not Ok | X3: Ok | Y3: Not Ok | Z3: Not Ok | AA3: Ok | AB3: Not Ok | AC3: Ok | AD3: Ok | AE3: Not Ok | AF3: Ok | AG3: Not Ok | AH3: Not Ok | AI3: Ok | AJ3: Not Ok | AK3: Not Ok | AL3: Ok | AM3: Not Ok | AN3: Not Ok | AO3: Not Ok | AP3: Not Ok | AQ3: Not Ok | AR3: Not Ok | AS3: Not Ok | AT3: Not Ok | AU3: Not Ok | AV3: Ok | AW3: Not Ok | AX3: Ok | AY3: Ok | AZ3: Ok | BA3: Not Ok | BB3: Ok | BC3: Ok | BD3: Not Ok | BE3: Not Ok | BF3: Ok | BG3: Ok | BH3: Ok | BI3: Not Ok | BJ3: Ok | BK3: Not Ok | BL3: Ok | BM3: Not Ok | BN3: Ok | BO3: Ok | BP3: Ok | BQ3: Ok | BR3: CHOMBA | BS3: 23 Gauges on OverCharged position & 9 on Recharge position
B4: 0.75 | C4: Ok | D4: Ok | E4: Ok | F4: Ok | G4: Ok | H4: Ok | I4: Ok | J4: Ok | K4: Ok | L4: Ok | M4: Ok | N4: Not Ok | O4: Not Ok | P4: Not Ok | Q4: Not Ok | R4: Not Ok | S4: Not Ok | T4: Not Ok | U4: Ok | V4: Ok | W4: Not Ok | X4: Ok | Y4: Not Ok | Z4: Not Ok | AA4: Ok | AB4: Not Ok | AC4: Ok | AD4: Ok | AE4: Not Ok | AF4: Ok | AG4: Not Ok | AH4: Not Ok | AI4: Ok | AJ4: Not Ok | AK4: Not Ok | AL4: Ok | AM4: Not Ok | AN4: Not Ok | AO4: Not Ok | AP4: Not Ok | AQ4: Not Ok | AR4: Not Ok | AS4: Not Ok | AT4: Not Ok | AU4: Not Ok | AV4: Ok | AW4: Not Ok | AX4: Ok | AY4: Ok | AZ4: Ok | BA4: Not Ok | BB4: Ok | BC4: Ok | BD4: Not Ok | BE4: Not Ok | BF4: Ok | BG4: Ok | BH4: Ok | BI4: Not Ok | BJ4: Ok | BK4: Not Ok | BL4: Ok | BM4: Not Ok | BN4: Ok | BO4: Ok | BP4: Ok | BQ4: Ok
A6: 46175 | B6: 0.25 | C6: Ok | D6: Ok | E6: Ok | F6: Ok | G6: Ok | H6: Ok | I6: Ok | J6: Ok | K6: Ok | L6: Ok | M6: Ok | N6: Not Ok | O6: Not Ok | P6: Not Ok | Q6: Not Ok | R6: Not Ok | S6: Not Ok | T6: Not Ok | U6: Ok | V6: Ok | W6: Not Ok | X6: Ok | Y6: Not Ok | Z6: Not Ok | AA6: Ok | AB6: Not Ok | AC6: Ok | AD6: Ok | AE6: Not Ok | AF6: Ok | AG6: Not Ok | AH6: Not Ok | AI6: Ok | AJ6: Not Ok | AK6: Not Ok | AL6: Ok | AM6: Not Ok | AN6: Not Ok | AO6: Not Ok | AP6: Not Ok | AQ6: Not Ok | AR6: Not Ok | AS6: Not Ok | AT6: Not Ok | AU6: Not Ok | AV6: Ok | AW6: Not Ok | AX6: Ok | AY6: Ok | AZ6: Ok | BA6: Not Ok | BB6: Ok | BC6: Ok | BD6: Not Ok | BE6: Not Ok | BF6: Ok | BG6: Ok | BH6: Ok | BI6: Not Ok | BJ6: Ok | BK6: Not Ok | BL6: Ok | BM6: Not Ok | BN6: Ok | BO6: Ok | BP6: Ok | BQ6: Ok | BR6: CHOMBA | BS6: 23 Gauges on OverCharged position & 9 on Recharge position
B7: 0.75 | C7: Ok | D7: Ok | E7: Ok | F7: Ok | G7: Ok | H7: Ok | I7: Ok | J7: Ok | K7: Ok | L7: Ok | M7: Ok | N7: Not Ok | O7: Not Ok | P7: Not Ok | Q7: Not Ok | R7: Not Ok | S7: Not Ok | T7: Not Ok | U7: Ok | V7: Ok | W7: Not Ok | X7: Ok | Y7: Not Ok | Z7: Not Ok | AA7: Ok | AB7: Not Ok | AC7: Ok | AD7: Ok | AE7: Not Ok | AF7: Ok | AG7: Not Ok | AH7: Not Ok | AI7: Ok | AJ7: Not Ok | AK7: Not Ok | AL7: Ok | AM7: Not Ok | AN7: Not Ok | AO7: Not Ok | AP7: Not Ok | AQ7: Not Ok | AR7: Not Ok | AS7: Not Ok | AT7: Not Ok | AU7: Not Ok | AV7: Ok | AW7: Not Ok | AX7: Ok | AY7: Ok | AZ7: Ok | BA7: Not Ok | BB7: Ok | BC7: Ok | BD7: Not Ok | BE7: Not Ok | BF7: Ok | BG7: Ok | BH7: Ok | BI7: Not Ok | BJ7: Ok | BK7: Not Ok | BL7: Ok | BM7: Not Ok | BN7: Ok | BO7: Ok | BP7: Ok | BQ7: Ok
A9: 46176 | B9: 0.25 | C9: Ok | D9: Ok | E9: Ok | F9: Ok | G9: Ok | H9: Ok | I9: Ok | J9: Ok | K9: Ok | L9: Ok | M9: Ok | N9: Not Ok | O9: Not Ok | P9: Not Ok | Q9: Not Ok | R9: Not Ok | S9: Not Ok | T9: Not Ok | U9: Ok | V9: Ok | W9: Not Ok | X9: Ok | Y9: Not Ok | Z9: Not Ok | AA9: Ok | AB9: Not Ok | AC9: Ok | AD9: Ok | AE9: Not Ok | AF9: Ok | AG9: Not Ok | AH9: Not Ok | AI9: Ok | AJ9: Not Ok | AK9: Not Ok | AL9: Ok | AM9: Not Ok | AN9: Not Ok | AO9: Not Ok | AP9: Not Ok | AQ9: Not Ok | AR9: Not Ok | AS9: Not Ok | AT9: Not Ok | AU9: Not Ok | AV9: Ok | AW9: Not Ok | AX9: Ok | AY9: Ok | AZ9: Ok | BA9: Not Ok | BB9: Ok | BC9: Ok | BD9: Not Ok | BE9: Not Ok | BF9: Ok | BG9: Ok | BH9: Ok | BI9: Not Ok | BJ9: Ok | BK9: Not Ok | BL9: Ok | BM9: Not Ok | BN9: Ok | BO9: Ok | BP9: Ok | BQ9: Ok | BR9: CHOMBA | BS9: 23 Gauges on OverCharged position & 9 on Recharge position
B10: 0.75 | C10: Ok | D10: Ok | E10: Ok | F10: Ok | G10: Ok | H10: Ok | I10: Ok | J10: Ok | K10: Ok | L10: Ok | M10: Ok | N10: Not Ok | O10: Not Ok | P10: Not Ok | Q10: Not Ok | R10: Not Ok | S10: Not Ok | T10: Not Ok | U10: Ok | V10: Ok | W10: Not Ok | X10: Ok | Y10: Not Ok | Z10: Not Ok | AA10: Ok | AB10: Not Ok | AC10: Ok | AD10: Ok | AE10: Not Ok | AF10: Ok | AG10: Not Ok | AH10: Not Ok | AI10: Ok | AJ10: Not Ok | AK10: Not Ok | AL10: Ok | AM10: Not Ok | AN10: Not Ok | AO10: Not Ok | AP10: Not Ok | AQ10: Not Ok | AR10: Not Ok | AS10: Not Ok | AT10: Not Ok | AU10: Not Ok | AV10: Ok | AW10: Not Ok | AX10: Ok | AY10: Ok | AZ10: Ok | BA10: Not Ok | BB10: Ok | BC10: Ok | BD10: Not Ok | BE10: Not Ok | BF10: Ok | BG10: Ok | BH10: Ok | BI10: Not Ok | BJ10: Ok | BK10: Not Ok | BL10: Ok | BM10: Not Ok | BN10: Ok | BO10: Ok | BP10: Ok | BQ10: Ok
A12: 46177 | B12: 0.25 | C12: Ok | D12: Ok | E12: Ok | F12: Ok | G12: Ok | H12: Ok | I12: Ok | J12: Ok | K12: Ok | L12: Ok | M12: Ok | N12: Not Ok | O12: Not Ok | P12: Not Ok | Q12: Not Ok | R12: Not Ok | S12: Not Ok | T12: Not Ok | U12: Ok | V12: Ok | W12: Not Ok | X12: Ok | Y12: Not Ok | Z12: Not Ok | AA12: Ok | AB12: Not Ok | AC12: Ok | AD12: Ok | AE12: Not Ok | AF12: Ok | AG12: Not Ok | AH12: Not Ok | AI12: Ok | AJ12: Not Ok | AK12: Not Ok | AL12: Ok | AM12: Not Ok | AN12: Not Ok | AO12: Not Ok | AP12: Not Ok | AQ12: Not Ok | AR12: Not Ok | AS12: Not Ok | AT12: Not Ok | AU12: Not Ok | AV12: Ok | AW12: Not Ok | AX12: Ok | AY12: Ok | AZ12: Ok | BA12: Not Ok | BB12: Ok | BC12: Ok | BD12: Not Ok | BE12: Not Ok | BF12: Ok | BG12: Ok | BH12: Ok | BI12: Not Ok | BJ12: Ok | BK12: Not Ok | BL12: Ok | BM12: Not Ok | BN12: Ok | BO12: Ok | BP12: Ok | BQ12: Ok | BR12: CHOMBA | BS12: 23 Gauges on OverCharged position & 9 on Recharge position
B13: 0.75 | C13: Ok | D13: Ok | E13: Ok | F13: Ok | G13: Ok | H13: Ok | I13: Ok | J13: Ok | K13: Ok | L13: Ok | M13: Ok | N13: Not Ok | O13: Not Ok | P13: Not Ok | Q13: Not Ok | R13: Not Ok | S13: Not Ok | T13: Not Ok | U13: Ok | V13: Ok | W13: Not Ok | X13: Ok | Y13: Not Ok | Z13: Not Ok | AA13: Ok | AB13: Not Ok | AC13: Ok | AD13: Ok | AE13: Not Ok | AF13: Ok | AG13: Not Ok | AH13: Not Ok | AI13: Ok | AJ13: Not Ok | AK13: Not Ok | AL13: Ok | AM13: Not Ok | AN13: Not Ok | AO13: Not Ok | AP13: Not Ok | AQ13: Not Ok | AR13: Not Ok | AS13: Not Ok | AT13: Not Ok | AU13: Not Ok | AV13: Ok | AW13: Not Ok | AX13: Ok | AY13: Ok | AZ13: Ok | BA13: Not Ok | BB13: Ok | BC13: Ok | BD13: Not Ok | BE13: Not Ok | BF13: Ok | BG13: Ok | BH13: Ok | BI13: Not Ok | BJ13: Ok | BK13: Not Ok | BL13: Ok | BM13: Not Ok | BN13: Ok | BO13: Ok | BP13: Ok | BQ13: Ok
A15: 46178 | B15: 0.25 | C15: Ok | D15: Ok | E15: Ok | F15: Ok | G15: Ok | H15: Ok | I15: Ok | J15: Ok | K15: Ok | L15: Ok | M15: Ok | N15: Not Ok | O15: Not Ok | P15: Not Ok | Q15: Not Ok | R15: Not Ok | S15: Not Ok | T15: Not Ok | U15: Ok | V15: Ok | W15: Not Ok | X15: Ok | Y15: Not Ok | Z15: Not Ok | AA15: Ok | AB15: Not Ok | AC15: Ok | AD15: Ok | AE15: Not Ok | AF15: Ok | AG15: Not Ok | AH15: Not Ok | AI15: Ok | AJ15: Not Ok | AK15: Not Ok | AL15: Ok | AM15: Not Ok | AN15: Not Ok | AO15: Not Ok | AP15: Not Ok | AQ15: Not Ok | AR15: Not Ok | AS15: Not Ok | AT15: Not Ok | AU15: Not Ok | AV15: Ok | AW15: Not Ok | AX15: Ok | AY15: Ok | AZ15: Ok | BA15: Not Ok | BB15: Ok | BC15: Ok | BD15: Not Ok | BE15: Not Ok | BF15: Ok | BG15: Ok | BH15: Ok | BI15: Not Ok | BJ15: Ok | BK15: Not Ok | BL15: Ok | BM15: Not Ok | BN15: Ok | BO15: Ok | BP15: Ok | BQ15: Ok | BR15: CHOMBA | BS15: 23 Gauges on OverCharged position & 9 on Recharge position
B16: 0.75 | C16: Ok | D16: Ok | E16: Ok | F16: Ok | G16: Ok | H16: Ok | I16: Ok | J16: Ok | K16: Ok | L16: Ok | M16: Ok | N16: Not Ok | O16: Not Ok | P16: Not Ok | Q16: Not Ok | R16: Not Ok | S16: Not Ok | T16: Not Ok | U16: Ok | V16: Ok | W16: Not Ok | X16: Ok | Y16: Not Ok | Z16: Not Ok | AA16: Ok | AB16: Not Ok | AC16: Ok | AD16: Ok | AE16: Not Ok | AF16: Ok | AG16: Not Ok | AH16: Not Ok | AI16: Ok | AJ16: Not Ok | AK16: Not Ok | AL16: Ok | AM16: Not Ok | AN16: Not Ok | AO16: Not Ok | AP16: Not Ok | AQ16: Not Ok | AR16: Not Ok | AS16: Not Ok | AT16: Not Ok | AU16: Not Ok | AV16: Ok | AW16: Not Ok | AX16: Ok | AY16: Ok | AZ16: Ok | BA16: Not Ok | BB16: Ok | BC16: Ok | BD16: Not Ok | BE16: Not Ok | BF16: Ok | BG16: Ok | BH16: Ok | BI16: Not Ok | BJ16: Ok | BK16: Not Ok | BL16: Ok | BM16: Not Ok | BN16: Ok | BO16: Ok | BP16: Ok | BQ16: Ok
A18: 46179 | B18: 0.25 | C18: Ok | D18: Ok | E18: Ok | F18: Ok | G18: Ok | H18: Ok | I18: Ok | J18: Ok | K18: Ok | L18: Ok | M18: Ok | N18: Not Ok | O18: Not Ok | P18: Not Ok | Q18: Not Ok | R18: Not Ok | S18: Not Ok | T18: Not Ok | U18: Ok | V18: Ok | W18: Not Ok | X18: Ok | Y18: Not Ok | Z18: Not Ok | AA18: Ok | AB18: Not Ok | AC18: Ok | AD18: Ok | AE18: Not Ok | AF18: Ok | AG18: Not Ok | AH18: Not Ok | AI18: Ok | AJ18: Not Ok | AK18: Not Ok | AL18: Ok | AM18: Not Ok | AN18: Not Ok | AO18: Not Ok | AP18: Not Ok | AQ18: Not Ok | AR18: Not Ok | AS18: Not Ok | AT18: Not Ok | AU18: Not Ok | AV18: Ok | AW18: Not Ok | AX18: Ok | AY18: Ok | AZ18: Ok | BA18: Not Ok | BB18: Ok | BC18: Ok | BD18: Not Ok | BE18: Not Ok | BF18: Ok | BG18: Ok | BH18: Ok | BI18: Not Ok | BJ18: Ok | BK18: Not Ok | BL18: Ok | BM18: Not Ok | BN18: Ok | BO18: Ok | BP18: Ok | BQ18: Ok | BR18: CHOMBA | BS18: 23 Gauges on OverCharged position & 9 on Recharge position
B19: 0.75 | C19: Ok | D19: Ok | E19: Ok | F19: Ok | G19: Ok | H19: Ok | I19: Ok | J19: Ok | K19: Ok | L19: Ok | M19: Ok | N19: Not Ok | O19: Not Ok | P19: Not Ok | Q19: Not Ok | R19: Not Ok | S19: Not Ok | T19: Not Ok | U19: Ok | V19: Ok | W19: Not Ok | X19: Ok | Y19: Not Ok | Z19: Not Ok | AA19: Ok | AB19: Not Ok | AC19: Ok | AD19: Ok | AE19: Not Ok | AF19: Ok | AG19: Not Ok | AH19: Not Ok | AI19: Ok | AJ19: Not Ok | AK19: Not Ok | AL19: Ok | AM19: Not Ok | AN19: Not Ok | AO19: Not Ok | AP19: Not Ok | AQ19: Not Ok | AR19: Not Ok | AS19: Not Ok | AT19: Not Ok | AU19: Not Ok | AV19: Ok | AW19: Not Ok | AX19: Ok | AY19: Ok | AZ19: Ok | BA19: Not Ok | BB19: Ok | BC19: Ok | BD19: Not Ok | BE19: Not Ok | BF19: Ok | BG19: Ok | BH19: Ok | BI19: Not Ok | BJ19: Ok | BK19: Not Ok | BL19: Ok | BM19: Not Ok | BN19: Ok | BO19: Ok | BP19: Ok | BQ19: Ok
A21: 46180 | B21: 0.25 | C21: Ok | D21: Ok | E21: Ok | F21: Ok | G21: Ok | H21: Ok | I21: Ok | J21: Ok | K21: Ok | L21: Ok | M21: Ok | N21: Not Ok | O21: Not Ok | P21: Not Ok | Q21: Not Ok | R21: Not Ok | S21: Not Ok | T21: Not Ok | U21: Ok | V21: Ok | W21: Not Ok | X21: Ok | Y21: Not Ok | Z21: Not Ok | AA21: Ok | AB21: Not Ok | AC21: Ok | AD21: Ok | AE21: Not Ok | AF21: Ok | AG21: Not Ok | AH21: Not Ok | AI21: Ok | AJ21: Not Ok | AK21: Not Ok | AL21: Ok | AM21: Not Ok | AN21: Not Ok | AO21: Not Ok | AP21: Not Ok | AQ21: Not Ok | AR21: Not Ok | AS21: Not Ok | AT21: Not Ok | AU21: Not Ok | AV21: Ok | AW21: Not Ok | AX21: Ok | AY21: Ok | AZ21: Ok | BA21: Not Ok | BB21: Ok | BC21: Ok | BD21: Not Ok | BE21: Not Ok | BF21: Ok | BG21: Ok | BH21: Ok | BI21: Not Ok | BJ21: Ok | BK21: Not Ok | BL21: Ok | BM21: Not Ok | BN21: Ok | BO21: Ok | BP21: Ok | BQ21: Ok | BR21: CHOMBA | BS21: 23 Gauges on OverCharged position & 9 on Recharge position
B22: 0.75 | C22: Ok | D22: Ok | E22: Ok | F22: Ok | G22: Ok | H22: Ok | I22: Ok | J22: Ok | K22: Ok | L22: Ok | M22: Ok | N22: Not Ok | O22: Not Ok | P22: Not Ok | Q22: Not Ok | R22: Not Ok | S22: Not Ok | T22: Not Ok | U22: Ok | V22: Ok | W22: Not Ok | X22: Ok | Y22: Not Ok | Z22: Not Ok | AA22: Ok | AB22: Not Ok | AC22: Ok | AD22: Ok | AE22: Not Ok | AF22: Ok | AG22: Not Ok | AH22: Not Ok | AI22: Ok | AJ22: Not Ok | AK22: Not Ok | AL22: Ok | AM22: Not Ok | AN22: Not Ok | AO22: Not Ok | AP22: Not Ok | AQ22: Not Ok | AR22: Not Ok | AS22: Not Ok | AT22: Not Ok | AU22: Not Ok | AV22: Ok | AW22: Not Ok | AX22: Ok | AY22: Ok | AZ22: Ok | BA22: Not Ok | BB22: Ok | BC22: Ok | BD22: Not Ok | BE22: Not Ok | BF22: Ok | BG22: Ok | BH22: Ok | BI22: Not Ok | BJ22: Ok | BK22: Not Ok | BL22: Ok | BM22: Not Ok | BN22: Ok | BO22: Ok | BP22: Ok | BQ22: Ok
A24: 46181 | B24: 0.25 | C24: Ok | D24: Ok | E24: Ok | F24: Ok | G24: Ok | H24: Ok | I24: Ok | J24: Ok | K24: Ok | L24: Ok | M24: Ok | N24: Not Ok | O24: Not Ok | P24: Not Ok | Q24: Not Ok | R24: Not Ok | S24: Not Ok | T24: Not Ok | U24: Ok | V24: Ok | W24: Not Ok | X24: Ok | Y24: Not Ok | Z24: Not Ok | AA24: Ok | AB24: Not Ok | AC24: Ok | AD24: Ok | AE24: Not Ok | AF24: Ok | AG24: Not Ok | AH24: Not Ok | AI24: Ok | AJ24: Not Ok | AK24: Not Ok | AL24: Ok | AM24: Not Ok | AN24: Not Ok | AO24: Not Ok | AP24: Not Ok | AQ24: Not Ok | AR24: Not Ok | AS24: Not Ok | AT24: Not Ok | AU24: Not Ok | AV24: Ok | AW24: Not Ok | AX24: Ok | AY24: Ok | AZ24: Ok | BA24: Not Ok | BB24: Ok | BC24: Ok | BD24: Not Ok | BE24: Not Ok | BF24: Ok | BG24: Ok | BH24: Ok | BI24: Not Ok | BJ24: Ok | BK24: Not Ok | BL24: Ok | BM24: Not Ok | BN24: Ok | BO24: Ok | BP24: Ok | BQ24: Ok | BR24: PETER | BS24: 23 Gauges on OverCharged position & 9 on Recharge position
B25: 0.75 | C25: Ok | D25: Ok | E25: Ok | F25: Ok | G25: Ok | H25: Ok | I25: Ok | J25: Ok | K25: Ok | L25: Ok | M25: Ok | N25: Not Ok | O25: Not Ok | P25: Not Ok | Q25: Not Ok | R25: Not Ok | S25: Not Ok | T25: Not Ok | U25: Ok | V25: Ok | W25: Not Ok | X25: Ok | Y25: Not Ok | Z25: Not Ok | AA25: Ok | AB25: Not Ok | AC25: Ok | AD25: Ok | AE25: Not Ok | AF25: Ok | AG25: Not Ok | AH25: Not Ok | AI25: Ok | AJ25: Not Ok | AK25: Not Ok | AL25: Ok | AM25: Not Ok | AN25: Not Ok | AO25: Not Ok | AP25: Not Ok | AQ25: Not Ok | AR25: Not Ok | AS25: Not Ok | AT25: Not Ok | AU25: Not Ok | AV25: Ok | AW25: Not Ok | AX25: Ok | AY25: Ok | AZ25: Ok | BA25: Not Ok | BB25: Ok | BC25: Ok | BD25: Not Ok | BE25: Not Ok | BF25: Ok | BG25: Ok | BH25: Ok | BI25: Not Ok | BJ25: Ok | BK25: Not Ok | BL25: Ok | BM25: Not Ok | BN25: Ok | BO25: Ok | BP25: Ok | BQ25: Ok
A27: 46182 | B27: 0.25 | C27: Ok | D27: Ok | E27: Ok | F27: Ok | G27: Ok | H27: Ok | I27: Ok | J27: Ok | K27: Ok | L27: Ok | M27: Ok | N27: Not Ok | O27: Not Ok | P27: Not Ok | Q27: Not Ok | R27: Not Ok | S27: Not Ok | T27: Not Ok | U27: Ok | V27: Ok | W27: Not Ok | X27: Ok | Y27: Not Ok | Z27: Not Ok | AA27: Ok | AB27: Not Ok | AC27: Ok | AD27: Ok | AE27: Not Ok | AF27: Ok | AG27: Not Ok | AH27: Not Ok | AI27: Ok | AJ27: Not Ok | AK27: Not Ok | AL27: Ok | AM27: Not Ok | AN27: Not Ok | AO27: Not Ok | AP27: Not Ok | AQ27: Not Ok | AR27: Not Ok | AS27: Not Ok | AT27: Not Ok | AU27: Not Ok | AV27: Ok | AW27: Not Ok | AX27: Ok | AY27: Ok | AZ27: Ok | BA27: Not Ok | BB27: Ok | BC27: Ok | BD27: Not Ok | BE27: Not Ok | BF27: Ok | BG27: Ok | BH27: Ok | BI27: Not Ok | BJ27: Ok | BK27: Not Ok | BL27: Ok | BM27: Not Ok | BN27: Ok | BO27: Ok | BP27: Ok | BQ27: Ok | BR27: PETER | BS27: 23 Gauges on OverCharged position & 9 on Recharge position
B28: 0.75 | C28: Ok | D28: Ok | E28: Ok | F28: Ok | G28: Ok | H28: Ok | I28: Ok | J28: Ok | K28: Ok | L28: Ok | M28: Ok | N28: Not Ok | O28: Not Ok | P28: Not Ok | Q28: Not Ok | R28: Not Ok | S28: Not Ok | T28: Not Ok | U28: Ok | V28: Ok | W28: Not Ok | X28: Ok | Y28: Not Ok | Z28: Not Ok | AA28: Ok | AB28: Not Ok | AC28: Ok | AD28: Ok | AE28: Not Ok | AF28: Ok | AG28: Not Ok | AH28: Not Ok | AI28: Ok | AJ28: Not Ok | AK28: Not Ok | AL28: Ok | AM28: Not Ok | AN28: Not Ok | AO28: Not Ok | AP28: Not Ok | AQ28: Not Ok | AR28: Not Ok | AS28: Not Ok | AT28: Not Ok | AU28: Not Ok | AV28: Ok | AW28: Not Ok | AX28: Ok | AY28: Ok | AZ28: Ok | BA28: Not Ok | BB28: Ok | BC28: Ok | BD28: Not Ok | BE28: Not Ok | BF28: Ok | BG28: Ok | BH28: Ok | BI28: Not Ok | BJ28: Ok | BK28: Not Ok | BL28: Ok | BM28: Not Ok | BN28: Ok | BO28: Ok | BP28: Ok | BQ28: Ok
A30: 46183 | B30: 0.25 | C30: Ok | D30: Ok | E30: Ok | F30: Ok | G30: Ok | H30: Ok | I30: Ok | J30: Ok | K30: Ok | L30: Ok | M30: Ok | N30: Not Ok | O30: Not Ok | P30: Not Ok | Q30: Not Ok | R30: Not Ok | S30: Not Ok | T30: Not Ok | U30: Ok | V30: Ok | W30: Not Ok | X30: Ok | Y30: Not Ok | Z30: Not Ok | AA30: Ok | AB30: Not Ok | AC30: Ok | AD30: Ok | AE30: Not Ok | AF30: Ok | AG30: Not Ok | AH30: Not Ok | AI30: Ok | AJ30: Not Ok | AK30: Not Ok | AL30: Ok | AM30: Not Ok | AN30: Not Ok | AO30: Not Ok | AP30: Not Ok | AQ30: Not Ok | AR30: Not Ok | AS30: Not Ok | AT30: Not Ok | AU30: Not Ok | AV30: Ok | AW30: Not Ok | AX30: Ok | AY30: Ok | AZ30: Ok | BA30: Not Ok | BB30: Ok | BC30: Ok | BD30: Not Ok | BE30: Not Ok | BF30: Ok | BG30: Ok | BH30: Ok | BI30: Not Ok | BJ30: Ok | BK30: Not Ok | BL30: Ok | BM30: Not Ok | BN30: Ok | BO30: Ok | BP30: Ok | BQ30: Ok | BR30: PETER | BS30: 23 Gauges on OverCharged position & 9 on Recharge position
B31: 0.75 | C31: Ok | D31: Ok | E31: Ok | F31: Ok | G31: Ok | H31: Ok | I31: Ok | J31: Ok | K31: Ok | L31: Ok | M31: Ok | N31: Not Ok | O31: Not Ok | P31: Not Ok | Q31: Not Ok | R31: Not Ok | S31: Not Ok | T31: Not Ok | U31: Ok | V31: Ok | W31: Not Ok | X31: Ok | Y31: Not Ok | Z31: Not Ok | AA31: Ok | AB31: Not Ok | AC31: Ok | AD31: Ok | AE31: Not Ok | AF31: Ok | AG31: Not Ok | AH31: Not Ok | AI31: Ok | AJ31: Not Ok | AK31: Not Ok | AL31: Ok | AM31: Not Ok | AN31: Not Ok | AO31: Not Ok | AP31: Not Ok | AQ31: Not Ok | AR31: Not Ok | AS31: Not Ok | AT31: Not Ok | AU31: Not Ok | AV31: Ok | AW31: Not Ok | AX31: Ok | AY31: Ok | AZ31: Ok | BA31: Not Ok | BB31: Ok | BC31: Ok | BD31: Not Ok | BE31: Not Ok | BF31: Ok | BG31: Ok | BH31: Ok | BI31: Not Ok | BJ31: Ok | BK31: Not Ok | BL31: Ok | BM31: Not Ok | BN31: Ok | BO31: Ok | BP31: Ok | BQ31: Ok
A33: 46184 | B33: 0.25 | C33: Ok | D33: Ok | E33: Ok | F33: Ok | G33: Ok | H33: Ok | I33: Ok | J33: Ok | K33: Ok | L33: Ok | M33: Ok | N33: Not Ok | O33: Not Ok | P33: Not Ok | Q33: Not Ok | R33: Not Ok | S33: Not Ok | T33: Not Ok | U33: Ok | V33: Ok | W33: Not Ok | X33: Ok | Y33: Not Ok | Z33: Not Ok | AA33: Ok | AB33: Not Ok | AC33: Ok | AD33: Ok | AE33: Not Ok | AF33: Ok | AG33: Not Ok | AH33: Not Ok | AI33: Ok | AJ33: Not Ok | AK33: Not Ok | AL33: Ok | AM33: Not Ok | AN33: Not Ok | AO33: Not Ok | AP33: Not Ok | AQ33: Not Ok | AR33: Not Ok | AS33: Not Ok | AT33: Not Ok | AU33: Not Ok | AV33: Ok | AW33: Not Ok | AX33: Ok | AY33: Ok | AZ33: Ok | BA33: Not Ok | BB33: Ok | BC33: Ok | BD33: Not Ok | BE33: Not Ok | BF33: Ok | BG33: Ok | BH33: Ok | BI33: Not Ok | BJ33: Ok | BK33: Not Ok | BL33: Ok | BM33: Not Ok | BN33: Ok | BO33: Ok | BP33: Ok | BQ33: Ok | BR33: PETER | BS33: 23 Gauges on OverCharged position & 9 on Recharge position
B34: 0.75 | C34: Ok | D34: Ok | E34: Ok | F34: Ok | G34: Ok | H34: Ok | I34: Ok | J34: Ok | K34: Ok | L34: Ok | M34: Ok | N34: Not Ok | O34: Not Ok | P34: Not Ok | Q34: Not Ok | R34: Not Ok | S34: Not Ok | T34: Not Ok | U34: Ok | V34: Ok | W34: Not Ok | X34: Ok | Y34: Not Ok | Z34: Not Ok | AA34: Ok | AB34: Not Ok | AC34: Ok | AD34: Ok | AE34: Not Ok | AF34: Ok | AG34: Not Ok | AH34: Not Ok | AI34: Ok | AJ34: Not Ok | AK34: Not Ok | AL34: Ok | AM34: Not Ok | AN34: Not Ok | AO34: Not Ok | AP34: Not Ok | AQ34: Not Ok | AR34: Not Ok | AS34: Not Ok | AT34: Not Ok | AU34: Not Ok | AV34: Ok | AW34: Not Ok | AX34: Ok | AY34: Ok | AZ34: Ok | BA34: Not Ok | BB34: Ok | BC34: Ok | BD34: Not Ok | BE34: Not Ok | BF34: Ok | BG34: Ok | BH34: Ok | BI34: Not Ok | BJ34: Ok | BK34: Not Ok | BL34: Ok | BM34: Not Ok | BN34: Ok | BO34: Ok | BP34: Ok | BQ34: Ok
A36: 46185 | B36: 0.25 | C36: Ok | D36: Ok | E36: Ok | F36: Ok | G36: Ok | H36: Ok | I36: Ok | J36: Ok | K36: Ok | L36: Ok | M36: Ok | N36: Not Ok | O36: Not Ok | P36: Not Ok | Q36: Not Ok | R36: Not Ok | S36: Not Ok | T36: Not Ok | U36: Ok | V36: Ok | W36: Not Ok | X36: Ok | Y36: Not Ok | Z36: Not Ok | AA36: Ok | AB36: Not Ok | AC36: Ok | AD36: Ok | AE36: Not Ok | AF36: Ok | AG36: Not Ok | AH36: Not Ok | AI36: Ok | AJ36: Not Ok | AK36: Not Ok | AL36: Ok | AM36: Not Ok | AN36: Not Ok | AO36: Not Ok | AP36: Not Ok | AQ36: Not Ok | AR36: Not Ok | AS36: Not Ok | AT36: Not Ok | AU36: Not Ok | AV36: Ok | AW36: Not Ok | AX36: Ok | AY36: Ok | AZ36: Ok | BA36: Not Ok | BB36: Ok | BC36: Ok | BD36: Not Ok | BE36: Not Ok | BF36: Ok | BG36: Ok | BH36: Ok | BI36: Not Ok | BJ36: Ok | BK36: Not Ok | BL36: Ok | BM36: Not Ok | BN36: Ok | BO36: Ok | BP36: Ok | BQ36: Ok | BR36: PETER | BS36: 23 Gauges on OverCharged position & 9 on Recharge position
B37: 0.75 | C37: Ok | D37: Ok | E37: Ok | F37: Ok | G37: Ok | H37: Ok | I37: Ok | J37: Ok | K37: Ok | L37: Ok | M37: Ok | N37: Not Ok | O37: Not Ok | P37: Not Ok | Q37: Not Ok | R37: Not Ok | S37: Not Ok | T37: Not Ok | U37: Ok | V37: Ok | W37: Not Ok | X37: Ok | Y37: Not Ok | Z37: Not Ok | AA37: Ok | AB37: Not Ok | AC37: Ok | AD37: Ok | AE37: Not Ok | AF37: Ok | AG37: Not Ok | AH37: Not Ok | AI37: Ok | AJ37: Not Ok | AK37: Not Ok | AL37: Ok | AM37: Not Ok | AN37: Not Ok | AO37: Not Ok | AP37: Not Ok | AQ37: Not Ok | AR37: Not Ok | AS37: Not Ok | AT37: Not Ok | AU37: Not Ok | AV37: Ok | AW37: Not Ok | AX37: Ok | AY37: Ok | AZ37: Ok | BA37: Not Ok | BB37: Ok | BC37: Ok | BD37: Not Ok | BE37: Not Ok | BF37: Ok | BG37: Ok | BH37: Ok | BI37: Not Ok | BJ37: Ok | BK37: Not Ok | BL37: Ok | BM37: Not Ok | BN37: Ok | BO37: Ok | BP37: Ok | BQ37: Ok
A39: 46186 | B39: 0.25 | C39: Ok | D39: Ok | E39: Ok | F39: Ok | G39: Ok | H39: Ok | I39: Ok | J39: Ok | K39: Ok | L39: Ok | M39: Ok | N39: Not Ok | O39: Not Ok | P39: Not Ok | Q39: Not Ok | R39: Not Ok | S39: Not Ok | T39: Not Ok | U39: Ok | V39: Ok | W39: Not Ok | X39: Ok | Y39: Not Ok | Z39: Not Ok | AA39: Ok | AB39: Not Ok | AC39: Ok | AD39: Ok | AE39: Not Ok | AF39: Ok | AG39: Not Ok | AH39: Not Ok | AI39: Ok | AJ39: Not Ok | AK39: Not Ok | AL39: Ok | AM39: Not Ok | AN39: Not Ok | AO39: Not Ok | AP39: Not Ok | AQ39: Not Ok | AR39: Not Ok | AS39: Not Ok | AT39: Not Ok | AU39: Not Ok | AV39: Ok | AW39: Not Ok | AX39: Ok | AY39: Ok | AZ39: Ok | BA39: Not Ok | BB39: Ok | BC39: Ok | BD39: Not Ok | BE39: Not Ok | BF39: Ok | BG39: Ok | BH39: Ok | BI39: Not Ok | BJ39: Ok | BK39: Not Ok | BL39: Ok | BM39: Not Ok | BN39: Ok | BO39: Ok | BP39: Ok | BQ39: Ok | BR39: PETER | BS39: 23 Gauges on OverCharged position & 9 on Recharge position
B40: 0.75 | C40: Ok | D40: Ok | E40: Ok | F40: Ok | G40: Ok | H40: Ok | I40: Ok | J40: Ok | K40: Ok | L40: Ok | M40: Ok | N40: Not Ok | O40: Not Ok | P40: Not Ok | Q40: Not Ok | R40: Not Ok | S40: Not Ok | T40: Not Ok | U40: Ok | V40: Ok | W40: Not Ok | X40: Ok | Y40: Not Ok | Z40: Not Ok | AA40: Ok | AB40: Not Ok | AC40: Ok | AD40: Ok | AE40: Not Ok | AF40: Ok | AG40: Not Ok | AH40: Not Ok | AI40: Ok | AJ40: Not Ok | AK40: Not Ok | AL40: Ok | AM40: Not Ok | AN40: Not Ok | AO40: Not Ok | AP40: Not Ok | AQ40: Not Ok | AR40: Not Ok | AS40: Not Ok | AT40: Not Ok | AU40: Not Ok | AV40: Ok | AW40: Not Ok | AX40: Ok | AY40: Ok | AZ40: Ok | BA40: Not Ok | BB40: Ok | BC40: Ok | BD40: Not Ok | BE40: Not Ok | BF40: Ok | BG40: Ok | BH40: Ok | BI40: Not Ok | BJ40: Ok | BK40: Not Ok | BL40: Ok | BM40: Not Ok | BN40: Ok | BO40: Ok | BP40: Ok | BQ40: Ok
A42: 46187 | B42: 0.25 | C42: Ok | D42: Ok | E42: Ok | F42: Ok | G42: Ok | H42: Ok | I42: Ok | J42: Ok | K42: Ok | L42: Ok | M42: Ok | N42: Not Ok | O42: Not Ok | P42: Not Ok | Q42: Not Ok | R42: Not Ok | S42: Not Ok | T42: Not Ok | U42: Ok | V42: Ok | W42: Not Ok | X42: Ok | Y42: Not Ok | Z42: Not Ok | AA42: Ok | AB42: Not Ok | AC42: Ok | AD42: Ok | AE42: Not Ok | AF42: Ok | AG42: Not Ok | AH42: Not Ok | AI42: Ok | AJ42: Not Ok | AK42: Not Ok | AL42: Ok | AM42: Not Ok | AN42: Not Ok | AO42: Not Ok | AP42: Not Ok | AQ42: Not Ok | AR42: Not Ok | AS42: Not Ok | AT42: Not Ok | AU42: Not Ok | AV42: Ok | AW42: Not Ok | AX42: Ok | AY42: Ok | AZ42: Ok | BA42: Not Ok | BB42: Ok | BC42: Ok | BD42: Not Ok | BE42: Not Ok | BF42: Ok | BG42: Ok | BH42: Ok | BI42: Not Ok | BJ42: Ok | BK42: Not Ok | BL42: Ok | BM42: Not Ok | BN42: Ok | BO42: Ok | BP42: Ok | BQ42: Ok | BR42: PETER | BS42: 23 Gauges on OverCharged position & 9 on Recharge position
B43: 0.75 | C43: Ok | D43: Ok | E43: Ok | F43: Ok | G43: Ok | H43: Ok | I43: Ok | J43: Ok | K43: Ok | L43: Ok | M43: Ok | N43: Not Ok | O43: Not Ok | P43: Not Ok | Q43: Not Ok | R43: Not Ok | S43: Not Ok | T43: Not Ok | U43: Ok | V43: Ok | W43: Not Ok | X43: Ok | Y43: Not Ok | Z43: Not Ok | AA43: Ok | AB43: Not Ok | AC43: Ok | AD43: Ok | AE43: Not Ok | AF43: Ok | AG43: Not Ok | AH43: Not Ok | AI43: Ok | AJ43: Not Ok | AK43: Not Ok | AL43: Ok | AM43: Not Ok | AN43: Not Ok | AO43: Not Ok | AP43: Not Ok | AQ43: Not Ok | AR43: Not Ok | AS43: Not Ok | AT43: Not Ok | AU43: Not Ok | AV43: Ok | AW43: Not Ok | AX43: Ok | AY43: Ok | AZ43: Ok | BA43: Not Ok | BB43: Ok | BC43: Ok | BD43: Not Ok | BE43: Not Ok | BF43: Ok | BG43: Ok | BH43: Ok | BI43: Not Ok | BJ43: Ok | BK43: Not Ok | BL43: Ok | BM43: Not Ok | BN43: Ok | BO43: Ok | BP43: Ok | BQ43: Ok
A45: 46188 | B45: 0.25 | C45: Ok | D45: Ok | E45: Ok | F45: Ok | G45: Ok | H45: Ok | I45: Ok | J45: Ok | K45: Ok | L45: Ok | M45: Ok | N45: Not Ok | O45: Not Ok | P45: Not Ok | Q45: Not Ok | R45: Not Ok | S45: Not Ok | T45: Not Ok | U45: Ok | V45: Ok | W45: Not Ok | X45: Ok | Y45: Not Ok | Z45: Not Ok | AA45: Ok | AB45: Not Ok | AC45: Ok | AD45: Ok | AE45: Not Ok | AF45: Ok | AG45: Not Ok | AH45: Not Ok | AI45: Ok | AJ45: Not Ok | AK45: Not Ok | AL45: Ok | AM45: Not Ok | AN45: Not Ok | AO45: Not Ok | AP45: Not Ok | AQ45: Not Ok | AR45: Not Ok | AS45: Not Ok | AT45: Not Ok | AU45: Not Ok | AV45: Ok | AW45: Not Ok | AX45: Ok | AY45: Ok | AZ45: Ok | BA45: Not Ok | BB45: Ok | BC45: Ok | BD45: Not Ok | BE45: Not Ok | BF45: Ok | BG45: Ok | BH45: Ok | BI45: Not Ok | BJ45: Ok | BK45: Not Ok | BL45: Ok | BM45: Not Ok | BN45: Ok | BO45: Ok | BP45: Ok | BQ45: Ok | BR45: CHOMBA | BS45: 23 Gauges on OverCharged position & 9 on Recharge position
B46: 0.75 | C46: Ok | D46: Ok | E46: Ok | F46: Ok | G46: Ok | H46: Ok | I46: Ok | J46: Ok | K46: Ok | L46: Ok | M46: Ok | N46: Not Ok | O46: Not Ok | P46: Not Ok | Q46: Not Ok | R46: Not Ok | S46: Not Ok | T46: Not Ok | U46: Ok | V46: Ok | W46: Not Ok | X46: Ok | Y46: Not Ok | Z46: Not Ok | AA46: Ok | AB46: Not Ok | AC46: Ok | AD46: Ok | AE46: Not Ok | AF46: Ok | AG46: Not Ok | AH46: Not Ok | AI46: Ok | AJ46: Not Ok | AK46: Not Ok | AL46: Ok | AM46: Not Ok | AN46: Not Ok | AO46: Not Ok | AP46: Not Ok | AQ46: Not Ok | AR46: Not Ok | AS46: Not Ok | AT46: Not Ok | AU46: Not Ok | AV46: Ok | AW46: Not Ok | AX46: Ok | AY46: Ok | AZ46: Ok | BA46: Not Ok | BB46: Ok | BC46: Ok | BD46: Not Ok | BE46: Not Ok | BF46: Ok | BG46: Ok | BH46: Ok | BI46: Not Ok | BJ46: Ok | BK46: Not Ok | BL46: Ok | BM46: Not Ok | BN46: Ok | BO46: Ok | BP46: Ok | BQ46: Ok
A48: 46189 | B48: 0.25 | C48: Ok | D48: Ok | E48: Ok | F48: Ok | G48: Ok | H48: Ok | I48: Ok | J48: Ok | K48: Ok | L48: Ok | M48: Ok | N48: Not Ok | O48: Not Ok | P48: Not Ok | Q48: Not Ok | R48: Not Ok | S48: Not Ok | T48: Not Ok | U48: Ok | V48: Ok | W48: Not Ok | X48: Ok | Y48: Not Ok | Z48: Not Ok | AA48: Ok | AB48: Not Ok | AC48: Ok | AD48: Ok | AE48: Not Ok | AF48: Ok | AG48: Not Ok | AH48: Not Ok | AI48: Ok | AJ48: Not Ok | AK48: Not Ok | AL48: Ok | AM48: Not Ok | AN48: Not Ok | AO48: Not Ok | AP48: Not Ok | AQ48: Not Ok | AR48: Not Ok | AS48: Not Ok | AT48: Not Ok | AU48: Not Ok | AV48: Ok | AW48: Not Ok | AX48: Ok | AY48: Ok | AZ48: Ok | BA48: Not Ok | BB48: Ok | BC48: Ok | BD48: Not Ok | BE48: Not Ok | BF48: Ok | BG48: Ok | BH48: Ok | BI48: Not Ok | BJ48: Ok | BK48: Not Ok | BL48: Ok | BM48: Not Ok | BN48: Ok | BO48: Ok | BP48: Ok | BQ48: Ok | BR48: CHOMBA | BS48: 23 Gauges on OverCharged position & 9 on Recharge position
B49: 0.75 | C49: Ok | D49: Ok | E49: Ok | F49: Ok | G49: Ok | H49: Ok | I49: Ok | J49: Ok | K49: Ok | L49: Ok | M49: Ok | N49: Not Ok | O49: Not Ok | P49: Not Ok | Q49: Not Ok | R49: Not Ok | S49: Not Ok | T49: Not Ok | U49: Ok | V49: Ok | W49: Not Ok | X49: Ok | Y49: Not Ok | Z49: Not Ok | AA49: Ok | AB49: Not Ok | AC49: Ok | AD49: Ok | AE49: Not Ok | AF49: Ok | AG49: Not Ok | AH49: Not Ok | AI49: Ok | AJ49: Not Ok | AK49: Not Ok | AL49: Ok | AM49: Not Ok | AN49: Not Ok | AO49: Not Ok | AP49: Not Ok | AQ49: Not Ok | AR49: Not Ok | AS49: Not Ok | AT49: Not Ok | AU49: Not Ok | AV49: Ok | AW49: Not Ok | AX49: Ok | AY49: Ok | AZ49: Ok | BA49: Not Ok | BB49: Ok | BC49: Ok | BD49: Not Ok | BE49: Not Ok | BF49: Ok | BG49: Ok | BH49: Ok | BI49: Not Ok | BJ49: Ok | BK49: Not Ok | BL49: Ok | BM49: Not Ok | BN49: Ok | BO49: Ok | BP49: Ok | BQ49: Ok
A51: 46190 | B51: 0.25
B52: 0.75
A54: 46191 | B54: 0.25
B55: 0.75
A57: 46192 | B57: 0.25
B58: 0.75
A60: 46193 | B60: 0.25
B61: 0.75
A63: 46194 | B63: 0.25
B64: 0.75
A66: 46195 | B66: 0.25
B67: 0.75
A69: 46196 | B69: 0.25
B70: 0.75
A72: 46197 | B72: 0.25
B73: 0.75
A75: 46198 | B75: 0.25
B76: 0.75
A78: 46199 | B78: 0.25
B79: 0.75
A81: 46200 | B81: 0.25
B82: 0.75
A84: 46201 | B84: 0.25
B85: 0.75
A87: 46202 | B87: 0.25
B88: 0.75
A90: 46203 | B90: 0.25
B91: 0.75
A93: 46204 | B93: 0.25
B94: 0.75

Sheet 1
A1: Switch Power & Room temperature Log Sheet | BV1: 46174
A2: Zesco Load Details | N2: DG Load Details | AF2: Ground Floor | BV2: First Floor | CA2: Second Floor | CB2: Load On | CC2: Shift Tech
AF3: Inverter Readings | BF3: Rectifier Readings | BN3: Temperature in Centigrade | BZ3: Condition
A4: Time | B4: Load On Grid in AMPs | E4: Grid Voltage Line to Line | H4: Grid frequency | I4: Grid Power Status ON/ OFF | J4: Grid Off Time | K4: Grid Restored Time | L4: Grid off Duration | M4: Site Load ( ZESCO Or Generator) in kw | N4: Load On DG in AMPs | Q4: DG Voltage Line to Line | T4: DG-1 Run Hrs | U4: DG 1 Battery Voltage | V4: Charged Status (Color) | W4: DG-2 Run Hrs | X4: DG 2 Battery Voltage | Y4: Charged Status (Color) | Z4: DG-3 Run Hrs | AA4: DG 3 Battery Voltage | AB4: Charged Status (Color) | AC4: DG-4 Run Hrs | AD4: DG 4 Battery Voltage | AE4: Charged Status (Color) | AF4: UPS1-POWER PLANT ROOM-1 | AS4: UPS2-POWER PLANT ROOM-2 | BF4: Rectifier 1 - Voltage / Amps | BI4: Used Percentage | BJ4: Rectifier 2 - Voltage / Amps | BM4: Used Percentage | BN4: Room-1 Server & IT | BP4: Media Room | BR4: Power Room-1 | BT4: Power Room-2 | BV4: Room-1 | BX4: Room-2 | BZ4: Work Station | CA4: FM 200 Panel / WDS/Vesda Status
B5: R | C5: Y | D5: B | E5: R | F5: Y | G5: B | H5: HZ | N5: R | O5: Y | P5: B | Q5: R | R5: Y | S5: B | AF5: Output Load KW | AG5: Used Capacity | AH5: Battery Charge % | AI5: Battery Voltage (V) | AJ5: Load Current-A ( A) | AK5: Load Current-B ( A) | AL5: Load Current-C ( A) | AM5: Load Phase -A % | AN5: Load Phase -B % | AO5: Load Phase -C % | AP5: Output Voltage-A ( V) | AQ5: Output Voltage-B ( V) | AR5: Output Voltage-C ( V) | AS5: Output Load KW | AT5: Used Capacity | AU5: Battery Charge % | AV5: Battery Voltage (V) | AW5: Load Current-A ( A) | AX5: Load Current-B ( A) | AY5: Load Current-C ( A) | AZ5: Load Phase -A % | BA5: Load Phase -B % | BB5: Load Phase -C % | BC5: Output Voltage-A ( V) | BD5: Output Voltage-B ( V) | BE5: Output Voltage-C ( V) | BF5: DC Volatge | BG5: Current | BH5: Battery charge status | BJ5: DC Volatge | BK5: Current | BL5: Battery charge status | BN5: Temp | BO5: Hum | BP5: Temp | BQ5: Hum | BR5: Temp | BS5: Hum | BT5: Temp | BU5: Hum | BV5: Temp | BW5: Hum | BX5: Temp | BY5: Hum
A6: 0 | CE6: 100
A7: 0.041666667 | CE7: 40
A8: 0.083333333 | CE8: 200
A9: 0.125 | CE9: 210
A10: 0.16666667 | CE10: 210
A11: 0.20833333
A12: 0.25
A13: 0.29166667
A14: 0.33333333
A15: 0.375
A16: 0.41666667
A17: 0.45833333
A18: 0.5
A19: 0.54166667
A20: 0.58333333
A21: 0.625
A22: 0.66666667
... A29: 0.95833333
B31: Average | C31: Maximum | L31: Average | M31: =AVERAGE(M6:M29) -> #DIV/0! | BE31: Average | BF31: =AVERAGE(BF6:BF29) -> #DIV/0! | BG31: =AVERAGE(BG6:BG29) -> #DIV/0! | BJ31: =AVERAGE(BJ6:BJ29) -> #DIV/0! | BK31: =AVERAGE(BK6:BK29) -> #DIV/0! | BN31: =AVERAGE(BN6:BN29) -> #DIV/0! | BO31: =MAX(BN6:BN29) -> 0 | BP31: =MIN(BN6:BN29) -> 0 | BQ31: =AVERAGE(BO6:BO29) -> #DIV/0! | BR31: =MAX(BO6:BO29) -> 0 | BS31: =MIN(BO6:BO29) -> 0
A32: UPS: | B32: =AF32+AS32 -> #DIV/0! | C32: =AF33+AS33 -> 0 | L32: Max | M32: =MAX(M6:M29) -> 0 | AE32: Avg | AF32: =AVERAGE(AF6:AF29) -> #DIV/0! | AR32: Avg | AS32: =AVERAGE(AS6:AS29) -> #DIV/0! | BE32: Max | BF32: =MAX(BF6:BF29) -> 0 | BG32: =MAX(BG6:BG29) -> 0 | BH32: =BF31*BG31 -> #DIV/0! | BJ32: =MAX(BJ6:BJ29) -> 0 | BK32: =MAX(BK6:BK29) -> 0 | BL32: =BJ31*BK31 -> #DIV/0!
A33: Rectifier: | B33: =(BH32+BL32)/1000 -> #DIV/0! | C33: =(BH33+BL33)/1000 -> 0 | AE33: Max | AF33: =MAX(AF6:AF29) -> 0 | AR33: Max | AS33: =MAX(AS6:AS29) -> 0 | BH33: =BF32*BG32 -> 0 | BL33: =BJ32*BK32 -> 0
A39: Technician signature | R39: Engineer signature
A45: DAILY DIARY
A46: Date | B46: Time | C46: Observations &Activities done on the duty

Sheet 2
A1: Switch Power & Room temperature Log Sheet | BV1: ='1'!BV1:CC1+1 -> 46175
A2: Zesco Load Details | N2: DG Load Details | AF2: Ground Floor | BV2: First Floor | CA2: Second Floor | CB2: Load On | CC2: Shift Tech
AF3: Inverter Readings | BF3: Rectifier Readings | BN3: Temperature in Centigrade | BZ3: Condition
A4: Time | B4: Load On Grid in AMPs | E4: Grid Voltage Line to Line | H4: Grid frequency | I4: Grid Power Status ON/ OFF | J4: Grid Off Time | K4: Grid Restored Time | L4: Grid off Duration | M4: Site Load ( ZESCO Or Generator) in kw | N4: Load On DG in AMPs | Q4: DG Voltage Line to Line | T4: DG-1 Run Hrs | U4: DG 1 Battery Voltage | V4: Charged Status (Color) | W4: DG-2 Run Hrs | X4: DG 2 Battery Voltage | Y4: Charged Status (Color) | Z4: DG-3 Run Hrs | AA4: DG 3 Battery Voltage | AB4: Charged Status (Color) | AC4: DG-4 Run Hrs | AD4: DG 4 Battery Voltage | AE4: Charged Status (Color) | AF4: UPS1-POWER PLANT ROOM-1 | AS4: UPS2-POWER PLANT ROOM-2 | BF4: Rectifier 1 - Voltage / Amps | BI4: Used Percentage | BJ4: Rectifier 2 - Voltage / Amps | BM4: Used Percentage | BN4: Room-1 Server & IT | BP4: Media Room | BR4: Power Room-1 | BT4: Power Room-2 | BV4: Room-1 | BX4: Room-2 | BZ4: Work Station | CA4: FM 200 Panel / WDS/Vesda Status
B5: R | C5: Y | D5: B | E5: R | F5: Y | G5: B | H5: HZ | N5: R | O5: Y | P5: B | Q5: R | R5: Y | S5: B | AF5: Output Load KW | AG5: Used Capacity | AH5: Battery Charge % | AI5: Battery Voltage (V) | AJ5: Load Current-A ( A) | AK5: Load Current-B ( A) | AL5: Load Current-C ( A) | AM5: Load Phase -A % | AN5: Load Phase -B % | AO5: Load Phase -C % | AP5: Output Voltage-A ( V) | AQ5: Output Voltage-B ( V) | AR5: Output Voltage-C ( V) | AS5: Output Load KW | AT5: Used Capacity | AU5: Battery Charge % | AV5: Battery Voltage (V) | AW5: Load Current-A ( A) | AX5: Load Current-B ( A) | AY5: Load Current-C ( A) | AZ5: Load Phase -A % | BA5: Load Phase -B % | BB5: Load Phase -C % | BC5: Output Voltage-A ( V) | BD5: Output Voltage-B ( V) | BE5: Output Voltage-C ( V) | BF5: DC Volatge | BG5: Current | BH5: Battery charge status | BJ5: DC Volatge | BK5: Current | BL5: Battery charge status | BN5: Temp | BO5: Hum | BP5: Temp | BQ5: Hum | BR5: Temp | BS5: Hum | BT5: Temp | BU5: Hum | BV5: Temp | BW5: Hum | BX5: Temp | BY5: Hum
A6: 0
A7: 0.041666667
A8: 0.083333333
A9: 0.125
A10: 0.16666667
A11: 0.20833333
A12: 0.25
A13: 0.29166667
A14: 0.33333333
A15: 0.375
A16: 0.41666667
A17: 0.45833333
... A29: 0.95833333
B31: Average | C31: Maximum | L31: Average | M31: =AVERAGE(M6:M29) -> #DIV/0! | BE31: Average | BF31: =AVERAGE(BF6:BF29) -> #DIV/0! | BG31: =AVERAGE(BG6:BG29) -> #DIV/0! | BJ31: =AVERAGE(BJ6:BJ29) -> #DIV/0! | BK31: =AVERAGE(BK6:BK29) -> #DIV/0! | BN31: =AVERAGE(BN6:BN29) -> #DIV/0! | BO31: =MAX(BN6:BN29) -> 0 | BP31: =MIN(BN6:BN29) -> 0 | BQ31: =AVERAGE(BO6:BO29) -> #DIV/0! | BR31: =MAX(BO6:BO29) -> 0 | BS31: =MIN(BO6:BO29) -> 0
A32: UPS: | B32: =AF32+AS32 -> #DIV/0! | C32: =AF33+AS33 -> 0 | L32: Max | M32: =MAX(M6:M29) -> 0 | AE32: Avg | AF32: =AVERAGE(AF6:AF29) -> #DIV/0! | AR32: Avg | AS32: =AVERAGE(AS6:AS29) -> #DIV/0! | BE32: Max | BF32: =MAX(BF6:BF29) -> 0 | BG32: =MAX(BG6:BG29) -> 0 | BH32: =BF31*BG31 -> #DIV/0! | BJ32: =MAX(BJ6:BJ29) -> 0 | BK32: =MAX(BK6:BK29) -> 0 | BL32: =BJ31*BK31 -> #DIV/0!
A33: Rectifier: | B33: =(BH32+BL32)/1000 -> #DIV/0! | C33: =(BH33+BL33)/1000 -> 0 | AE33: Max | AF33: =MAX(AF6:AF29) -> 0 | AR33: Max | AS33: =MAX(AS6:AS29) -> 0 | BH33: =BF32*BG32 -> 0 | BL33: =BJ32*BK32 -> 0
A39: Technician signature | R39: Engineer signature
A45: DAILY DIARY
A46: Date | B46: Time | C46: Observations &Activities done on the duty

Sheet 3
A1: Switch Power & Room temperature Log Sheet | BV1: ='2'!BV1:CC1+1 -> 46176
A2: Zesco Load Details | N2: DG Load Details | AF2: Ground Floor | BV2: First Floor | CA2: Second Floor | CB2: Load On | CC2: Shift Tech
AF3: Inverter Readings | BF3: Rectifier Readings | BN3: Temperature in Centigrade | BZ3: Condition
A4: Time | B4: Load On Grid in AMPs | E4: Grid Voltage Line to Line | H4: Grid frequency | I4: Grid Power Status ON/ OFF | J4: Grid Off Time | K4: Grid Restored Time | L4: Grid off Duration | M4: Site Load ( ZESCO Or Generator) in kw | N4: Load On DG in AMPs | Q4: DG Voltage Line to Line | T4: DG-1 Run Hrs | U4: DG 1 Battery Voltage | V4: Charged Status (Color) | W4: DG-2 Run Hrs | X4: DG 2 Battery Voltage | Y4: Charged Status (Color) | Z4: DG-3 Run Hrs | AA4: DG 3 Battery Voltage | AB4: Charged Status (Color) | AC4: DG-4 Run Hrs | AD4: DG 4 Battery Voltage | AE4: Charged Status (Color) | AF4: UPS1-POWER PLANT ROOM-1 | AS4: UPS2-POWER PLANT ROOM-2 | BF4: Rectifier 1 - Voltage / Amps | BI4: Used Percentage | BJ4: Rectifier 2 - Voltage / Amps | BM4: Used Percentage | BN4: Room-1 Server & IT | BP4: Media Room | BR4: Power Room-1 | BT4: Power Room-2 | BV4: Room-1 | BX4: Room-2 | BZ4: Work Station | CA4: FM 200 Panel / WDS/Vesda Status
B5: R | C5: Y | D5: B | E5: R | F5: Y | G5: B | H5: HZ | N5: R | O5: Y | P5: B | Q5: R | R5: Y | S5: B | AF5: Output Load KW | AG5: Used Capacity | AH5: Battery Charge % | AI5: Battery Voltage (V) | AJ5: Load Current-A ( A) | AK5: Load Current-B ( A) | AL5: Load Current-C ( A) | AM5: Load Phase -A % | AN5: Load Phase -B % | AO5: Load Phase -C % | AP5: Output Voltage-A ( V) | AQ5: Output Voltage-B ( V) | AR5: Output Voltage-C ( V) | AS5: Output Load KW | AT5: Used Capacity | AU5: Battery Charge % | AV5: Battery Voltage (V) | AW5: Load Current-A ( A) | AX5: Load Current-B ( A) | AY5: Load Current-C ( A) | AZ5: Load Phase -A % | BA5: Load Phase -B % | BB5: Load Phase -C % | BC5: Output Voltage-A ( V) | BD5: Output Voltage-B ( V) | BE5: Output Voltage-C ( V) | BF5: DC Volatge | BG5: Current | BH5: Battery charge status | BJ5: DC Volatge | BK5: Current | BL5: Battery charge status | BN5: Temp | BO5: Hum | BP5: Temp | BQ5: Hum | BR5: Temp | BS5: Hum | BT5: Temp | BU5: Hum | BV5: Temp | BW5: Hum | BX5: Temp | BY5: Hum
A6: 0
A7: 0.041666667
A8: 0.083333333
A9: 0.125
A10: 0.16666667
A11: 0.20833333
A12: 0.25
A13: 0.29166667
A14: 0.33333333
A15: 0.375
A16: 0.41666667
A17: 0.45833333
... A29: 0.95833333
Y30: Green
B31: Average | C31: Maximum | L31: Average | M31: =AVERAGE(M6:M29) -> #DIV/0! | BE31: Average | BF31: =AVERAGE(BF6:BF29) -> #DIV/0! | BG31: =AVERAGE(BG6:BG29) -> #DIV/0! | BJ31: =AVERAGE(BJ6:BJ29) -> #DIV/0! | BK31: =AVERAGE(BK6:BK29) -> #DIV/0! | BN31: =AVERAGE(BN6:BN29) -> #DIV/0! | BO31: =MAX(BN6:BN29) -> 0 | BP31: =MIN(BN6:BN29) -> 0 | BQ31: =AVERAGE(BO6:BO29) -> #DIV/0! | BR31: =MAX(BO6:BO29) -> 0 | BS31: =MIN(BO6:BO29) -> 0
A32: UPS: | B32: =AF32+AS32 -> #DIV/0! | C32: =AF33+AS33 -> 0 | L32: Max | M32: =MAX(M6:M29) -> 0 | AE32: Avg | AF32: =AVERAGE(AF6:AF29) -> #DIV/0! | AR32: Avg | AS32: =AVERAGE(AS6:AS29) -> #DIV/0! | BE32: Max | BF32: =MAX(BF6:BF29) -> 0 | BG32: =MAX(BG6:BG29) -> 0 | BH32: =BF31*BG31 -> #DIV/0! | BJ32: =MAX(BJ6:BJ29) -> 0 | BK32: =MAX(BK6:BK29) -> 0 | BL32: =BJ31*BK31 -> #DIV/0!
A33: Rectifier: | B33: =(BH32+BL32)/1000 -> #DIV/0! | C33: =(BH33+BL33)/1000 -> 0 | AE33: Max | AF33: =MAX(AF6:AF29) -> 0 | AR33: Max | AS33: =MAX(AS6:AS29) -> 0 | BH33: =BF32*BG32 -> 0 | BL33: =BJ32*BK32 -> 0
A39: Technician signature | R39: Engineer signature
Q44: 405 | R44: 405 | S44: 405
A45: DAILY DIARY | Q45: 410 | R45: 410 | S45: 410
A46: Date | B46: Time | C46: Observations &Activities done on the duty | Q46: 407 | R46: 407 | S46: 407
Q47: 407 | R47: 407 | S47: 407
Q48: 409 | R48: 409 | S48: 410
Q49: 403 | R49: 403 | S49: 403
Q50: 405 | R50: 405 | S50: 405
Q51: 413 | R51: 413 | S51: 413
Q52: 407 | R52: 407 | S52: 407

Sheet 4
A1: Switch Power & Room temperature Log Sheet | BV1: ='3'!BV1:CC1+1 -> 46177
A2: Zesco Load Details | N2: DG Load Details | AF2: Ground Floor | BV2: First Floor | CA2: Second Floor | CB2: Load On | CC2: Shift Tech
AF3: Inverter Readings | BF3: Rectifier Readings | BN3: Temperature in Centigrade | BZ3: Condition
A4: Time | B4: Load On Grid in AMPs | E4: Grid Voltage Line to Line | H4: Grid frequency | I4: Grid Power Status ON/ OFF | J4: Grid Off Time | K4: Grid Restored Time | L4: Grid off Duration | M4: Site Load ( ZESCO Or Generator) in kw | N4: Load On DG in AMPs | Q4: DG Voltage Line to Line | T4: DG-1 Run Hrs | U4: DG 1 Battery Voltage | V4: Charged Status (Color) | W4: DG-2 Run Hrs | X4: DG 2 Battery Voltage | Y4: Charged Status (Color) | Z4: DG-3 Run Hrs | AA4: DG 3 Battery Voltage | AB4: Charged Status (Color) | AC4: DG-4 Run Hrs | AD4: DG 4 Battery Voltage | AE4: Charged Status (Color) | AF4: UPS1-POWER PLANT ROOM-1 | AS4: UPS2-POWER PLANT ROOM-2 | BF4: Rectifier 1 - Voltage / Amps | BI4: Used Percentage | BJ4: Rectifier 2 - Voltage / Amps | BM4: Used Percentage | BN4: Room-1 Server & IT | BP4: Media Room | BR4: Power Room-1 | BT4: Power Room-2 | BV4: Room-1 | BX4: Room-2 | BZ4: Work Station | CA4: FM 200 Panel / WDS/Vesda Status
B5: R | C5: Y | D5: B | E5: R | F5: Y | G5: B | H5: HZ | N5: R | O5: Y | P5: B | Q5: R | R5: Y | S5: B | AF5: Output Load KW | AG5: Used Capacity | AH5: Battery Charge % | AI5: Battery Voltage (V) | AJ5: Load Current-A ( A) | AK5: Load Current-B ( A) | AL5: Load Current-C ( A) | AM5: Load Phase -A % | AN5: Load Phase -B % | AO5: Load Phase -C % | AP5: Output Voltage-A ( V) | AQ5: Output Voltage-B ( V) | AR5: Output Voltage-C ( V) | AS5: Output Load KW | AT5: Used Capacity | AU5: Battery Charge % | AV5: Battery Voltage (V) | AW5: Load Current-A ( A) | AX5: Load Current-B ( A) | AY5: Load Current-C ( A) | AZ5: Load Phase -A % | BA5: Load Phase -B % | BB5: Load Phase -C % | BC5: Output Voltage-A ( V) | BD5: Output Voltage-B ( V) | BE5: Output Voltage-C ( V) | BF5: DC Volatge | BG5: Current | BH5: Battery charge status | BJ5: DC Volatge | BK5: Current | BL5: Battery charge status | BN5: Temp | BO5: Hum | BP5: Temp | BQ5: Hum | BR5: Temp | BS5: Hum | BT5: Temp | BU5: Hum | BV5: Temp | BW5: Hum | BX5: Temp | BY5: Hum
A6: 0
A7: 0.041666667
A8: 0.083333333
A9: 0.125
A10: 0.16666667
A11: 0.20833333
A12: 0.25
A13: 0.29166667
A14: 0.33333333
A15: 0.375
A16: 0.41666667
A17: 0.45833333
... A29: 0.95833333
Y30: Green
B31: Average | C31: Maximum | L31: Average | M31: =AVERAGE(M6:M29) -> #DIV/0! | BE31: Average | BF31: =AVERAGE(BF6:BF29) -> #DIV/0! | BG31: =AVERAGE(BG6:BG29) -> #DIV/0! | BJ31: =AVERAGE(BJ6:BJ29) -> #DIV/0! | BK31: =AVERAGE(BK6:BK29) -> #DIV/0! | BN31: =AVERAGE(BN6:BN29) -> #DIV/0! | BO31: =MAX(BN6:BN29) -> 0 | BP31: =MIN(BN6:BN29) -> 0 | BQ31: =AVERAGE(BO6:BO29) -> #DIV/0! | BR31: =MAX(BO6:BO29) -> 0 | BS31: =MIN(BO6:BO29) -> 0
A32: UPS: | B32: =AF32+AS32 -> #DIV/0! | C32: =AF33+AS33 -> 0 | L32: Max | M32: =MAX(M6:M29) -> 0 | AE32: Avg | AF32: =AVERAGE(AF6:AF29) -> #DIV/0! | AR32: Avg | AS32: =AVERAGE(AS6:AS29) -> #DIV/0! | BE32: Max | BF32: =MAX(BF6:BF29) -> 0 | BG32: =MAX(BG6:BG29) -> 0 | BH32: =BF31*BG31 -> #DIV/0! | BJ32: =MAX(BJ6:BJ29) -> 0 | BK32: =MAX(BK6:BK29) -> 0 | BL32: =BJ31*BK31 -> #DIV/0!
A33: Rectifier: | B33: =(BH32+BL32)/1000 -> #DIV/0! | C33: =(BH33+BL33)/1000 -> 0 | AE33: Max | AF33: =MAX(AF6:AF29) -> 0 | AR33: Max | AS33: =MAX(AS6:AS29) -> 0 | BH33: =BF32*BG32 -> 0 | BL33: =BJ32*BK32 -> 0
A39: Technician signature | R39: Engineer signature
A45: DAILY DIARY
A46: Date | B46: Time | C46: Observations &Activities done on the duty

Sheet 5
A1: Switch Power & Room temperature Log Sheet | BV1: ='4'!BV1:CC1+1 -> 46178
A2: Zesco Load Details | N2: DG Load Details | AF2: Ground Floor | BV2: First Floor | CA2: Second Floor | CB2: Load On | CC2: Shift Tech
AF3: Inverter Readings | BF3: Rectifier Readings | BN3: Temperature in Centigrade | BZ3: Condition
A4: Time | B4: Load On Grid in AMPs | E4: Grid Voltage Line to Line | H4: Grid frequency | I4: Grid Power Status ON/ OFF | J4: Grid Off Time | K4: Grid Restored Time | L4: Grid off Duration | M4: Site Load ( ZESCO Or Generator) in kw | N4: Load On DG in AMPs | Q4: DG Voltage Line to Line | T4: DG-1 Run Hrs | U4: DG 1 Battery Voltage | V4: Charged Status (Color) | W4: DG-2 Run Hrs | X4: DG 2 Battery Voltage | Y4: Charged Status (Color) | Z4: DG-3 Run Hrs | AA4: DG 3 Battery Voltage | AB4: Charged Status (Color) | AC4: DG-4 Run Hrs | AD4: DG 4 Battery Voltage | AE4: Charged Status (Color) | AF4: UPS1-POWER PLANT ROOM-1 | AS4: UPS2-POWER PLANT ROOM-2 | BF4: Rectifier 1 - Voltage / Amps | BI4: Used Percentage | BJ4: Rectifier 2 - Voltage / Amps | BM4: Used Percentage | BN4: Room-1 Server & IT | BP4: Media Room | BR4: Power Room-1 | BT4: Power Room-2 | BV4: Room-1 | BX4: Room-2 | BZ4: Work Station | CA4: FM 200 Panel / WDS/Vesda Status
B5: R | C5: Y | D5: B | E5: R | F5: Y | G5: B | H5: HZ | N5: R | O5: Y | P5: B | Q5: R | R5: Y | S5: B | AF5: Output Load KW | AG5: Used Capacity | AH5: Battery Charge % | AI5: Battery Voltage (V) | AJ5: Load Current-A ( A) | AK5: Load Current-B ( A) | AL5: Load Current-C ( A) | AM5: Load Phase -A % | AN5: Load Phase -B % | AO5: Load Phase -C % | AP5: Output Voltage-A ( V) | AQ5: Output Voltage-B ( V) | AR5: Output Voltage-C ( V) | AS5: Output Load KW | AT5: Used Capacity | AU5: Battery Charge % | AV5: Battery Voltage (V) | AW5: Load Current-A ( A) | AX5: Load Current-B ( A) | AY5: Load Current-C ( A) | AZ5: Load Phase -A % | BA5: Load Phase -B % | BB5: Load Phase -C % | BC5: Output Voltage-A ( V) | BD5: Output Voltage-B ( V) | BE5: Output Voltage-C ( V) | BF5: DC Volatge | BG5: Current | BH5: Battery charge status | BJ5: DC Volatge | BK5: Current | BL5: Battery charge status | BN5: Temp | BO5: Hum | BP5: Temp | BQ5: Hum | BR5: Temp | BS5: Hum | BT5: Temp | BU5: Hum | BV5: Temp | BW5: Hum | BX5: Temp | BY5: Hum
A6: 0
A7: 0.041666667
A8: 0.083333333
A9: 0.125
A10: 0.16666667
A11: 0.20833333
A12: 0.25
A13: 0.29166667
A14: 0.33333333
A15: 0.375
A16: 0.41666667
A17: 0.45833333
... A29: 0.95833333
B31: Average | C31: Maximum | L31: Average | M31: =AVERAGE(M6:M29) -> #DIV/0! | BE31: Average | BF31: =AVERAGE(BF6:BF29) -> #DIV/0! | BG31: =AVERAGE(BG6:BG29) -> #DIV/0! | BJ31: =AVERAGE(BJ6:BJ29) -> #DIV/0! | BK31: =AVERAGE(BK6:BK29) -> #DIV/0! | BN31: =AVERAGE(BN6:BN29) -> #DIV/0! | BO31: =MAX(BN6:BN29) -> 0 | BP31: =MIN(BN6:BN29) -> 0 | BQ31: =AVERAGE(BO6:BO29) -> #DIV/0! | BR31: =MAX(BO6:BO29) -> 0 | BS31: =MIN(BO6:BO29) -> 0
A32: UPS: | B32: =AF32+AS32 -> #DIV/0! | C32: =AF33+AS33 -> 0 | L32: Max | M32: =MAX(M6:M29) -> 0 | AE32: Avg | AF32: =AVERAGE(AF6:AF29) -> #DIV/0! | AR32: Avg | AS32: =AVERAGE(AS6:AS29) -> #DIV/0! | BE32: Max | BF32: =MAX(BF6:BF29) -> 0 | BG32: =MAX(BG6:BG29) -> 0 | BH32: =BF31*BG31 -> #DIV/0! | BJ32: =MAX(BJ6:BJ29) -> 0 | BK32: =MAX(BK6:BK29) -> 0 | BL32: =BJ31*BK31 -> #DIV/0!
A33: Rectifier: | B33: =(BH32+BL32)/1000 -> #DIV/0! | C33: =(BH33+BL33)/1000 -> 0 | AE33: Max | AF33: =MAX(AF6:AF29) -> 0 | AR33: Max | AS33: =MAX(AS6:AS29) -> 0 | BH33: =BF32*BG32 -> 0 | BL33: =BJ32*BK32 -> 0
A39: Technician signature | R39: Engineer signature
A45: DAILY DIARY
A46: Date | B46: Time | C46: Observations &Activities done on the duty

Sheet 6
A1: Switch Power & Room temperature Log Sheet | BV1: ='5'!BV1:CC1+1 -> 46179
A2: Zesco Load Details | N2: DG Load Details | AF2: Ground Floor | BV2: First Floor | CA2: Second Floor | CB2: Load On | CC2: Shift Tech
AF3: Inverter Readings | BF3: Rectifier Readings | BN3: Temperature in Centigrade | BZ3: Condition
A4: Time | B4: Load On Grid in AMPs | E4: Grid Voltage Line to Line | H4: Grid frequency | I4: Grid Power Status ON/ OFF | J4: Grid Off Time | K4: Grid Restored Time | L4: Grid off Duration | M4: Site Load ( ZESCO Or Generator) in kw | N4: Load On DG in AMPs | Q4: DG Voltage Line to Line | T4: DG-1 Run Hrs | U4: DG 1 Battery Voltage | V4: Charged Status (Color) | W4: DG-2 Run Hrs | X4: DG 2 Battery Voltage | Y4: Charged Status (Color) | Z4: DG-3 Run Hrs | AA4: DG 3 Battery Voltage | AB4: Charged Status (Color) | AC4: DG-4 Run Hrs | AD4: DG 4 Battery Voltage | AE4: Charged Status (Color) | AF4: UPS1-POWER PLANT ROOM-1 | AS4: UPS2-POWER PLANT ROOM-2 | BF4: Rectifier 1 - Voltage / Amps | BI4: Used Percentage | BJ4: Rectifier 2 - Voltage / Amps | BM4: Used Percentage | BN4: Room-1 Server & IT | BP4: Media Room | BR4: Power Room-1 | BT4: Power Room-2 | BV4: Room-1 | BX4: Room-2 | BZ4: Work Station | CA4: FM 200 Panel / WDS/Vesda Status
B5: R | C5: Y | D5: B | E5: R | F5: Y | G5: B | H5: HZ | N5: R | O5: Y | P5: B | Q5: R | R5: Y | S5: B | AF5: Output Load KW | AG5: Used Capacity | AH5: Battery Charge % | AI5: Battery Voltage (V) | AJ5: Load Current-A ( A) | AK5: Load Current-B ( A) | AL5: Load Current-C ( A) | AM5: Load Phase -A % | AN5: Load Phase -B % | AO5: Load Phase -C % | AP5: Output Voltage-A ( V) | AQ5: Output Voltage-B ( V) | AR5: Output Voltage-C ( V) | AS5: Output Load KW | AT5: Used Capacity | AU5: Battery Charge % | AV5: Battery Voltage (V) | AW5: Load Current-A ( A) | AX5: Load Current-B ( A) | AY5: Load Current-C ( A) | AZ5: Load Phase -A % | BA5: Load Phase -B % | BB5: Load Phase -C % | BC5: Output Voltage-A ( V) | BD5: Output Voltage-B ( V) | BE5: Output Voltage-C ( V) | BF5: DC Volatge | BG5: Current | BH5: Battery charge status | BJ5: DC Volatge | BK5: Current | BL5: Battery charge status | BN5: Temp | BO5: Hum | BP5: Temp | BQ5: Hum | BR5: Temp | BS5: Hum | BT5: Temp | BU5: Hum | BV5: Temp | BW5: Hum | BX5: Temp | BY5: Hum
A6: 0
A7: 0.041666667
A8: 0.083333333
A9: 0.125
A10: 0.16666667
A11: 0.20833333
A12: 0.25
A13: 0.29166667
A14: 0.33333333
A15: 0.375
A16: 0.41666667
A17: 0.45833333
... A29: 0.95833333
B31: Average | C31: Maximum | L31: Average | M31: =AVERAGE(M6:M29) -> #DIV/0! | BE31: Average | BF31: =AVERAGE(BF6:BF29) -> #DIV/0! | BG31: =AVERAGE(BG6:BG29) -> #DIV/0! | BJ31: =AVERAGE(BJ6:BJ29) -> #DIV/0! | BK31: =AVERAGE(BK6:BK29) -> #DIV/0! | BN31: =AVERAGE(BN6:BN29) -> #DIV/0! | BO31: =MAX(BN6:BN29) -> 0 | BP31: =MIN(BN6:BN29) -> 0 | BQ31: =AVERAGE(BO6:BO29) -> #DIV/0! | BR31: =MAX(BO6:BO29) -> 0 | BS31: =MIN(BO6:BO29) -> 0
A32: UPS: | B32: =AF32+AS32 -> #DIV/0! | C32: =AF33+AS33 -> 0 | L32: Max | M32: =MAX(M6:M29) -> 0 | AE32: Avg | AF32: =AVERAGE(AF6:AF29) -> #DIV/0! | AR32: Avg | AS32: =AVERAGE(AS6:AS29) -> #DIV/0! | BE32: Max | BF32: =MAX(BF6:BF29) -> 0 | BG32: =MAX(BG6:BG29) -> 0 | BH32: =BF31*BG31 -> #DIV/0! | BJ32: =MAX(BJ6:BJ29) -> 0 | BK32: =MAX(BK6:BK29) -> 0 | BL32: =BJ31*BK31 -> #DIV/0!
A33: Rectifier: | B33: =(BH32+BL32)/1000 -> #DIV/0! | C33: =(BH33+BL33)/1000 -> 0 | AE33: Max | AF33: =MAX(AF6:AF29) -> 0 | AR33: Max | AS33: =MAX(AS6:AS29) -> 0 | BH33: =BF32*BG32 -> 0 | BL33: =BJ32*BK32 -> 0
A39: Technician signature | R39: Engineer signature
A45: DAILY DIARY
A46: Date | B46: Time | C46: Observations &Activities done on the duty

Sheet 7
A1: Switch Power & Room temperature Log Sheet | BV1: ='6'!BV1:CC1+1 -> 46180
A2: Zesco Load Details | N2: DG Load Details | AF2: Ground Floor | BV2: First Floor | CA2: Second Floor | CB2: Load On | CC2: Shift Tech
AF3: Inverter Readings | BF3: Rectifier Readings | BN3: Temperature in Centigrade | BZ3: Condition
A4: Time | B4: Load On Grid in AMPs | E4: Grid Voltage Line to Line | H4: Grid frequency | I4: Grid Power Status ON/ OFF | J4: Grid Off Time | K4: Grid Restored Time | L4: Grid off Duration | M4: Site Load ( ZESCO Or Generator) in kw | N4: Load On DG in AMPs | Q4: DG Voltage Line to Line | T4: DG-1 Run Hrs | U4: DG 1 Battery Voltage | V4: Charged Status (Color) | W4: DG-2 Run Hrs | X4: DG 2 Battery Voltage | Y4: Charged Status (Color) | Z4: DG-3 Run Hrs | AA4: DG 3 Battery Voltage | AB4: Charged Status (Color) | AC4: DG-4 Run Hrs | AD4: DG 4 Battery Voltage | AE4: Charged Status (Color) | AF4: UPS1-POWER PLANT ROOM-1 | AS4: UPS2-POWER PLANT ROOM-2 | BF4: Rectifier 1 - Voltage / Amps | BI4: Used Percentage | BJ4: Rectifier 2 - Voltage / Amps | BM4: Used Percentage | BN4: Room-1 Server & IT | BP4: Media Room | BR4: Power Room-1 | BT4: Power Room-2 | BV4: Room-1 | BX4: Room-2 | BZ4: Work Station | CA4: FM 200 Panel / WDS/Vesda Status
B5: R | C5: Y | D5: B | E5: R | F5: Y | G5: B | H5: HZ | N5: R | O5: Y | P5: B | Q5: R | R5: Y | S5: B | AF5: Output Load KW | AG5: Used Capacity | AH5: Battery Charge % | AI5: Battery Voltage (V) | AJ5: Load Current-A ( A) | AK5: Load Current-B ( A) | AL5: Load Current-C ( A) | AM5: Load Phase -A % | AN5: Load Phase -B % | AO5: Load Phase -C % | AP5: Output Voltage-A ( V) | AQ5: Output Voltage-B ( V) | AR5: Output Voltage-C ( V) | AS5: Output Load KW | AT5: Used Capacity | AU5: Battery Charge % | AV5: Battery Voltage (V) | AW5: Load Current-A ( A) | AX5: Load Current-B ( A) | AY5: Load Current-C ( A) | AZ5: Load Phase -A % | BA5: Load Phase -B % | BB5: Load Phase -C % | BC5: Output Voltage-A ( V) | BD5: Output Voltage-B ( V) | BE5: Output Voltage-C ( V) | BF5: DC Volatge | BG5: Current | BH5: Battery charge status | BJ5: DC Volatge | BK5: Current | BL5: Battery charge status | BN5: Temp | BO5: Hum | BP5: Temp | BQ5: Hum | BR5: Temp | BS5: Hum | BT5: Temp | BU5: Hum | BV5: Temp | BW5: Hum | BX5: Temp | BY5: Hum
A6: 0
A7: 0.041666667
A8: 0.083333333
A9: 0.125
A10: 0.16666667
A11: 0.20833333
A12: 0.25
A13: 0.29166667
A14: 0.33333333
A15: 0.375
A16: 0.41666667
A17: 0.45833333
... A29: 0.95833333
B31: Average | C31: Maximum | L31: Average | M31: =AVERAGE(M6:M29) -> #DIV/0! | BE31: Average | BF31: =AVERAGE(BF6:BF29) -> #DIV/0! | BG31: =AVERAGE(BG6:BG29) -> #DIV/0! | BJ31: =AVERAGE(BJ6:BJ29) -> #DIV/0! | BK31: =AVERAGE(BK6:BK29) -> #DIV/0! | BN31: =AVERAGE(BN6:BN29) -> #DIV/0! | BO31: =MAX(BN6:BN29) -> 0 | BP31: =MIN(BN6:BN29) -> 0 | BQ31: =AVERAGE(BO6:BO29) -> #DIV/0! | BR31: =MAX(BO6:BO29) -> 0 | BS31: =MIN(BO6:BO29) -> 0
A32: UPS: | B32: =AF32+AS32 -> #DIV/0! | C32: =AF33+AS33 -> 0 | L32: Max | M32: =MAX(M6:M29) -> 0 | AE32: Avg | AF32: =AVERAGE(AF6:AF29) -> #DIV/0! | AR32: Avg | AS32: =AVERAGE(AS6:AS29) -> #DIV/0! | BE32: Max | BF32: =MAX(BF6:BF29) -> 0 | BG32: =MAX(BG6:BG29) -> 0 | BH32: =BF31*BG31 -> #DIV/0! | BJ32: =MAX(BJ6:BJ29) -> 0 | BK32: =MAX(BK6:BK29) -> 0 | BL32: =BJ31*BK31 -> #DIV/0!
A33: Rectifier: | B33: =(BH32+BL32)/1000 -> #DIV/0! | C33: =(BH33+BL33)/1000 -> 0 | AE33: Max | AF33: =MAX(AF6:AF29) -> 0 | AR33: Max | AS33: =MAX(AS6:AS29) -> 0 | BH33: =BF32*BG32 -> 0 | BL33: =BJ32*BK32 -> 0
A39: Technician signature | R39: Engineer signature
A45: DAILY DIARY
A46: Date | B46: Time | C46: Observations &Activities done on the duty

Sheet 8
A1: Switch Power & Room temperature Log Sheet | BV1: ='7'!BV1:CC1+1 -> 46181
A2: Zesco Load Details | N2: DG Load Details | AF2: Ground Floor | BV2: First Floor | CA2: Second Floor | CB2: Load On | CC2: Shift Tech
AF3: Inverter Readings | BF3: Rectifier Readings | BN3: Temperature in Centigrade | BZ3: Condition
A4: Time | B4: Load On Grid in AMPs | E4: Grid Voltage Line to Line | H4: Grid frequency | I4: Grid Power Status ON/ OFF | J4: Grid Off Time | K4: Grid Restored Time | L4: Grid off Duration | M4: Site Load ( ZESCO Or Generator) in kw | N4: Load On DG in AMPs | Q4: DG Voltage Line to Line | T4: DG-1 Run Hrs | U4: DG 1 Battery Voltage | V4: Charged Status (Color) | W4: DG-2 Run Hrs | X4: DG 2 Battery Voltage | Y4: Charged Status (Color) | Z4: DG-3 Run Hrs | AA4: DG 3 Battery Voltage | AB4: Charged Status (Color) | AC4: DG-4 Run Hrs | AD4: DG 4 Battery Voltage | AE4: Charged Status (Color) | AF4: UPS1-POWER PLANT ROOM-1 | AS4: UPS2-POWER PLANT ROOM-2 | BF4: Rectifier 1 - Voltage / Amps | BI4: Used Percentage | BJ4: Rectifier 2 - Voltage / Amps | BM4: Used Percentage | BN4: Room-1 Server & IT | BP4: Media Room | BR4: Power Room-1 | BT4: Power Room-2 | BV4: Room-1 | BX4: Room-2 | BZ4: Work Station | CA4: FM 200 Panel / WDS/Vesda Status
B5: R | C5: Y | D5: B | E5: R | F5: Y | G5: B | H5: HZ | N5: R | O5: Y | P5: B | Q5: R | R5: Y | S5: B | AF5: Output Load KW | AG5: Used Capacity | AH5: Battery Charge % | AI5: Battery Voltage (V) | AJ5: Load Current-A ( A) | AK5: Load Current-B ( A) | AL5: Load Current-C ( A) | AM5: Load Phase -A % | AN5: Load Phase -B % | AO5: Load Phase -C % | AP5: Output Voltage-A ( V) | AQ5: Output Voltage-B ( V) | AR5: Output Voltage-C ( V) | AS5: Output Load KW | AT5: Used Capacity | AU5: Battery Charge % | AV5: Battery Voltage (V) | AW5: Load Current-A ( A) | AX5: Load Current-B ( A) | AY5: Load Current-C ( A) | AZ5: Load Phase -A % | BA5: Load Phase -B % | BB5: Load Phase -C % | BC5: Output Voltage-A ( V) | BD5: Output Voltage-B ( V) | BE5: Output Voltage-C ( V) | BF5: DC Volatge | BG5: Current | BH5: Battery charge status | BJ5: DC Volatge | BK5: Current | BL5: Battery charge status | BN5: Temp | BO5: Hum | BP5: Temp | BQ5: Hum | BR5: Temp | BS5: Hum | BT5: Temp | BU5: Hum | BV5: Temp | BW5: Hum | BX5: Temp | BY5: Hum
A6: 0
A7: 0.041666667
A8: 0.083333333
A9: 0.125
A10: 0.16666667
A11: 0.20833333
A12: 0.25
A13: 0.29166667
A14: 0.33333333
A15: 0.375
A16: 0.41666667
A17: 0.45833333
... A29: 0.95833333
B31: Average | C31: Maximum | L31: Average | M31: =AVERAGE(M6:M29) -> #DIV/0! | BE31: Average | BF31: =AVERAGE(BF6:BF29) -> #DIV/0! | BG31: =AVERAGE(BG6:BG29) -> #DIV/0! | BJ31: =AVERAGE(BJ6:BJ29) -> #DIV/0! | BK31: =AVERAGE(BK6:BK29) -> #DIV/0! | BN31: =AVERAGE(BN6:BN29) -> #DIV/0! | BO31: =MAX(BN6:BN29) -> 0 | BP31: =MIN(BN6:BN29) -> 0 | BQ31: =AVERAGE(BO6:BO29) -> #DIV/0! | BR31: =MAX(BO6:BO29) -> 0 | BS31: =MIN(BO6:BO29) -> 0
A32: UPS: | B32: =AF32+AS32 -> #DIV/0! | C32: =AF33+AS33 -> 0 | L32: Max | M32: =MAX(M6:M29) -> 0 | AE32: Avg | AF32: =AVERAGE(AF6:AF29) -> #DIV/0! | AR32: Avg | AS32: =AVERAGE(AS6:AS29) -> #DIV/0! | BE32: Max | BF32: =MAX(BF6:BF29) -> 0 | BG32: =MAX(BG6:BG29) -> 0 | BH32: =BF31*BG31 -> #DIV/0! | BJ32: =MAX(BJ6:BJ29) -> 0 | BK32: =MAX(BK6:BK29) -> 0 | BL32: =BJ31*BK31 -> #DIV/0!
A33: Rectifier: | B33: =(BH32+BL32)/1000 -> #DIV/0! | C33: =(BH33+BL33)/1000 -> 0 | AE33: Max | AF33: =MAX(AF6:AF29) -> 0 | AR33: Max | AS33: =MAX(AS6:AS29) -> 0 | BH33: =BF32*BG32 -> 0 | BL33: =BJ32*BK32 -> 0
A39: Technician signature | R39: Engineer signature
A45: DAILY DIARY
A46: Date | B46: Time | C46: Observations &Activities done on the duty

Sheet 9
A1: Switch Power & Room temperature Log Sheet | BV1: ='8'!BV1:CC1+1 -> 46182
A2: Zesco Load Details | N2: DG Load Details | AF2: Ground Floor | BV2: First Floor | CA2: Second Floor | CB2: Load On | CC2: Shift Tech
AF3: Inverter Readings | BF3: Rectifier Readings | BN3: Temperature in Centigrade | BZ3: Condition
A4: Time | B4: Load On Grid in AMPs | E4: Grid Voltage Line to Line | H4: Grid frequency | I4: Grid Power Status ON/ OFF | J4: Grid Off Time | K4: Grid Restored Time | L4: Grid off Duration | M4: Site Load ( ZESCO Or Generator) in kw | N4: Load On DG in AMPs | Q4: DG Voltage Line to Line | T4: DG-1 Run Hrs | U4: DG 1 Battery Voltage | V4: Charged Status (Color) | W4: DG-2 Run Hrs | X4: DG 2 Battery Voltage | Y4: Charged Status (Color) | Z4: DG-3 Run Hrs | AA4: DG 3 Battery Voltage | AB4: Charged Status (Color) | AC4: DG-4 Run Hrs | AD4: DG 4 Battery Voltage | AE4: Charged Status (Color) | AF4: UPS1-POWER PLANT ROOM-1 | AS4: UPS2-POWER PLANT ROOM-2 | BF4: Rectifier 1 - Voltage / Amps | BI4: Used Percentage | BJ4: Rectifier 2 - Voltage / Amps | BM4: Used Percentage | BN4: Room-1 Server & IT | BP4: Media Room | BR4: Power Room-1 | BT4: Power Room-2 | BV4: Room-1 | BX4: Room-2 | BZ4: Work Station | CA4: FM 200 Panel / WDS/Vesda Status
B5: R | C5: Y | D5: B | E5: R | F5: Y | G5: B | H5: HZ | N5: R | O5: Y | P5: B | Q5: R | R5: Y | S5: B | AF5: Output Load KW | AG5: Used Capacity | AH5: Battery Charge % | AI5: Battery Voltage (V) | AJ5: Load Current-A ( A) | AK5: Load Current-B ( A) | AL5: Load Current-C ( A) | AM5: Load Phase -A % | AN5: Load Phase -B % | AO5: Load Phase -C % | AP5: Output Voltage-A ( V) | AQ5: Output Voltage-B ( V) | AR5: Output Voltage-C ( V) | AS5: Output Load KW | AT5: Used Capacity | AU5: Battery Charge % | AV5: Battery Voltage (V) | AW5: Load Current-A ( A) | AX5: Load Current-B ( A) | AY5: Load Current-C ( A) | AZ5: Load Phase -A % | BA5: Load Phase -B % | BB5: Load Phase -C % | BC5: Output Voltage-A ( V) | BD5: Output Voltage-B ( V) | BE5: Output Voltage-C ( V) | BF5: DC Volatge | BG5: Current | BH5: Battery charge status | BJ5: DC Volatge | BK5: Current | BL5: Battery charge status | BN5: Temp | BO5: Hum | BP5: Temp | BQ5: Hum | BR5: Temp | BS5: Hum | BT5: Temp | BU5: Hum | BV5: Temp | BW5: Hum | BX5: Temp | BY5: Hum
A6: 0 | B6: 700 | C6: 660 | D6: 660 | E6: 404 | F6: 404 | G6: 405 | H6: 50.1 | I6: ON | J6: 0 | K6: 0 | L6: 0 | M6: 479 | N6: 0 | O6: 0 | P6: 0
A7: 0.041666667 | B7: 740 | C7: 710 | D7: 710 | E7: 405 | F7: 405 | G7: 406 | H7: 49.9 | I7: ON | J7: 0 | K7: 0 | L7: 0 | M7: 476 | N7: 0 | O7: 0 | P7: 0
A8: 0.083333333 | B8: 700 | C8: 670 | D8: 660 | E8: 413 | F8: 413 | G8: 414 | H8: 50 | I8: ON | J8: 0 | K8: 0 | L8: 0 | M8: 470 | N8: 0 | O8: 0 | P8: 0
A9: 0.125 | B9: 730 | C9: 710 | D9: 710 | E9: 409 | F9: 410 | G9: 411 | H9: 49.8 | I9: ON | J9: 0 | K9: 0 | L9: 0 | M9: 469 | N9: 0 | O9: 0 | P9: 0
A10: 0.16666667 | B10: 740 | C10: 660 | D10: 670 | E10: 407 | F10: 407 | G10: 408 | H10: 49.9 | I10: ON | J10: 0 | K10: 0 | L10: 0 | M10: 478 | N10: 0 | O10: 0 | P10: 0
A11: 0.20833333 | B11: 720 | C11: 650 | D11: 650 | E11: 407 | F11: 407 | G11: 407 | H11: 49.9 | I11: ON | J11: 0 | K11: 0 | L11: 0 | M11: 483 | N11: 0 | O11: 0 | P11: 0
A12: 0.25 | B12: 740 | C12: 690 | D12: 690 | E12: 408 | F12: 408 | G12: 408 | H12: 50.1 | I12: ON | J12: 0 | K12: 0 | L12: 0 | M12: 490 | N12: 0 | O12: 0 | P12: 0
A13: 0.29166667 | B13: 730 | C13: 690 | D13: 680 | E13: 408 | F13: 408 | G13: 408 | H13: 50.2 | I13: ON | J13: 0 | K13: 0 | L13: 0 | M13: 495 | N13: 0 | O13: 0 | P13: 0
A14: 0.33333333 | B14: 710 | C14: 650 | D14: 650 | E14: 408 | F14: 409 | G14: 410 | H14: 49.9 | I14: ON | J14: 0 | K14: 0 | L14: 0 | M14: 473 | N14: 0 | O14: 0 | P14: 0
A15: 0.375 | B15: 770 | C15: 710 | D15: 710 | E15: 409 | F15: 410 | G15: 411 | H15: 49.8 | I15: ON | J15: 0 | K15: 0 | L15: 0 | M15: 510 | N15: 0 | O15: 0 | P15: 0
A16: 0.41666667 | B16: 760 | C16: 700 | D16: 700 | E16: 407 | F16: 408 | G16: 409 | H16: 50.2 | I16: ON | J16: 0 | K16: 0 | L16: 0 | M16: 512 | N16: 0 | O16: 0 | P16: 0
A17: 0.45833333 | B17: 760 | C17: 700 | D17: 690 | E17: 408 | F17: 408 | G17: 409 | H17: 50.1 | I17: ON | J17: 0 | K17: 0 | L17: 0 | M17: 508 | N17: 0 | O17: 0 | P17: 0
... A29: 0.95833333 | B29: 710 | C29: 680 | D29: 680 | E29: 408 | F29: 408 | G29: 408 | H29: 49.9 | I29: ON | J29: 0 | K29: 0 | L29: 0 | M29: 487 | N29: 0 | O29: 0 | P29: 0
B31: Average | C31: Maximum | L31: Average | M31: =AVERAGE(M6:M29) -> 493.33333 | BE31: Average | BF31: =AVERAGE(BF6:BF29) -> #DIV/0! | BG31: =AVERAGE(BG6:BG29) -> #DIV/0! | BJ31: =AVERAGE(BJ6:BJ29) -> #DIV/0! | BK31: =AVERAGE(BK6:BK29) -> #DIV/0! | BN31: =AVERAGE(BN6:BN29) -> #DIV/0! | BO31: =MAX(BN6:BN29) -> 0 | BP31: =MIN(BN6:BN29) -> 0 | BQ31: =AVERAGE(BO6:BO29) -> #DIV/0! | BR31: =MAX(BO6:BO29) -> 0 | BS31: =MIN(BO6:BO29) -> 0
A32: UPS: | B32: =AF32+AS32 -> #DIV/0! | C32: =AF33+AS33 -> 0 | L32: Max | M32: =MAX(M6:M29) -> 512 | AE32: Avg | AF32: =AVERAGE(AF6:AF29) -> #DIV/0! | AR32: Avg | AS32: =AVERAGE(AS6:AS29) -> #DIV/0! | BE32: Max | BF32: =MAX(BF6:BF29) -> 0 | BG32: =MAX(BG6:BG29) -> 0 | BH32: =BF31*BG31 -> #DIV/0! | BJ32: =MAX(BJ6:BJ29) -> 0 | BK32: =MAX(BK6:BK29) -> 0 | BL32: =BJ31*BK31 -> #DIV/0!
A33: Rectifier: | B33: =(BH32+BL32)/1000 -> #DIV/0! | C33: =(BH33+BL33)/1000 -> 0 | AE33: Max | AF33: =MAX(AF6:AF29) -> 0 | AR33: Max | AS33: =MAX(AS6:AS29) -> 0 | BH33: =BF32*BG32 -> 0 | BL33: =BJ32*BK32 -> 0
A39: Technician signature | R39: Engineer signature
A45: DAILY DIARY
A46: Date | B46: Time | C46: Observations &Activities done on the duty

Sheet 10
A1: Switch Power & Room temperature Log Sheet | BV1: ='9'!BV1:CC1+1 -> 46183
A2: Zesco Load Details | N2: DG Load Details | AF2: Ground Floor | BV2: First Floor | CA2: Second Floor | CB2: Load On | CC2: Shift Tech
AF3: Inverter Readings | BF3: Rectifier Readings | BN3: Temperature in Centigrade | BZ3: Condition
A4: Time | B4: Load On Grid in AMPs | E4: Grid Voltage Line to Line | H4: Grid frequency | I4: Grid Power Status ON/ OFF | J4: Grid Off Time | K4: Grid Restored Time | L4: Grid off Duration | M4: Site Load ( ZESCO Or Generator) in kw | N4: Load On DG in AMPs | Q4: DG Voltage Line to Line | T4: DG-1 Run Hrs | U4: DG 1 Battery Voltage | V4: Charged Status (Color) | W4: DG-2 Run Hrs | X4: DG 2 Battery Voltage | Y4: Charged Status (Color) | Z4: DG-3 Run Hrs | AA4: DG 3 Battery Voltage | AB4: Charged Status (Color) | AC4: DG-4 Run Hrs | AD4: DG 4 Battery Voltage | AE4: Charged Status (Color) | AF4: UPS1-POWER PLANT ROOM-1 | AS4: UPS2-POWER PLANT ROOM-2 | BF4: Rectifier 1 - Voltage / Amps | BI4: Used Percentage | BJ4: Rectifier 2 - Voltage / Amps | BM4: Used Percentage | BN4: Room-1 Server & IT | BP4: Media Room | BR4: Power Room-1 | BT4: Power Room-2 | BV4: Room-1 | BX4: Room-2 | BZ4: Work Station | CA4: FM 200 Panel / WDS/Vesda Status
B5: R | C5: Y | D5: B | E5: R | F5: Y | G5: B | H5: HZ | N5: R | O5: Y | P5: B | Q5: R | R5: Y | S5: B | AF5: Output Load KW | AG5: Used Capacity | AH5: Battery Charge % | AI5: Battery Voltage (V) | AJ5: Load Current-A ( A) | AK5: Load Current-B ( A) | AL5: Load Current-C ( A) | AM5: Load Phase -A % | AN5: Load Phase -B % | AO5: Load Phase -C % | AP5: Output Voltage-A ( V) | AQ5: Output Voltage-B ( V) | AR5: Output Voltage-C ( V) | AS5: Output Load KW | AT5: Used Capacity | AU5: Battery Charge % | AV5: Battery Voltage (V) | AW5: Load Current-A ( A) | AX5: Load Current-B ( A) | AY5: Load Current-C ( A) | AZ5: Load Phase -A % | BA5: Load Phase -B % | BB5: Load Phase -C % | BC5: Output Voltage-A ( V) | BD5: Output Voltage-B ( V) | BE5: Output Voltage-C ( V) | BF5: DC Volatge | BG5: Current | BH5: Battery charge status | BJ5: DC Volatge | BK5: Current | BL5: Battery charge status | BN5: Temp | BO5: Hum | BP5: Temp | BQ5: Hum | BR5: Temp | BS5: Hum | BT5: Temp | BU5: Hum | BV5: Temp | BW5: Hum | BX5: Temp | BY5: Hum
A6: 0
A7: 0.041666667
A8: 0.083333333
A9: 0.125
A10: 0.16666667
A11: 0.20833333
A12: 0.25
A13: 0.29166667
A14: 0.33333333
A15: 0.375
A16: 0.41666667
A17: 0.45833333
... A29: 0.95833333
B31: Average | C31: Maximum | L31: Average | M31: =AVERAGE(M6:M29) -> #DIV/0! | BE31: Average | BF31: =AVERAGE(BF6:BF29) -> #DIV/0! | BG31: =AVERAGE(BG6:BG29) -> #DIV/0! | BJ31: =AVERAGE(BJ6:BJ29) -> #DIV/0! | BK31: =AVERAGE(BK6:BK29) -> #DIV/0! | BN31: =AVERAGE(BN6:BN29) -> #DIV/0! | BO31: =MAX(BN6:BN29) -> 0 | BP31: =MIN(BN6:BN29) -> 0 | BQ31: =AVERAGE(BO6:BO29) -> #DIV/0! | BR31: =MAX(BO6:BO29) -> 0 | BS31: =MIN(BO6:BO29) -> 0
A32: UPS: | B32: =AF32+AS32 -> #DIV/0! | C32: =AF33+AS33 -> 0 | L32: Max | M32: =MAX(M6:M29) -> 0 | AE32: Avg | AF32: =AVERAGE(AF6:AF29) -> #DIV/0! | AR32: Avg | AS32: =AVERAGE(AS6:AS29) -> #DIV/0! | BE32: Max | BF32: =MAX(BF6:BF29) -> 0 | BG32: =MAX(BG6:BG29) -> 0 | BH32: =BF31*BG31 -> #DIV/0! | BJ32: =MAX(BJ6:BJ29) -> 0 | BK32: =MAX(BK6:BK29) -> 0 | BL32: =BJ31*BK31 -> #DIV/0!
A33: Rectifier: | B33: =(BH32+BL32)/1000 -> #DIV/0! | C33: =(BH33+BL33)/1000 -> 0 | AE33: Max | AF33: =MAX(AF6:AF29) -> 0 | AR33: Max | AS33: =MAX(AS6:AS29) -> 0 | BH33: =BF32*BG32 -> 0 | BL33: =BJ32*BK32 -> 0
A39: Technician signature | R39: Engineer signature
A45: DAILY DIARY
A46: Date | B46: Time | C46: Observations &Activities done on the duty

Sheet 11
A1: Switch Power & Room temperature Log Sheet | BV1: ='10'!BV1:CC1+1 -> 46184
A2: Zesco Load Details | N2: DG Load Details | AF2: Ground Floor | BV2: First Floor | CA2: Second Floor | CB2: Load On | CC2: Shift Tech
AF3: Inverter Readings | BF3: Rectifier Readings | BN3: Temperature in Centigrade | BZ3: Condition
A4: Time | B4: Load On Grid in AMPs | E4: Grid Voltage Line to Line | H4: Grid frequency | I4: Grid Power Status ON/ OFF | J4: Grid Off Time | K4: Grid Restored Time | L4: Grid off Duration | M4: Site Load ( ZESCO Or Generator) in kw | N4: Load On DG in AMPs | Q4: DG Voltage Line to Line | T4: DG-1 Run Hrs | U4: DG 1 Battery Voltage | V4: Charged Status (Color) | W4: DG-2 Run Hrs | X4: DG 2 Battery Voltage | Y4: Charged Status (Color) | Z4: DG-3 Run Hrs | AA4: DG 3 Battery Voltage | AB4: Charged Status (Color) | AC4: DG-4 Run Hrs | AD4: DG 4 Battery Voltage | AE4: Charged Status (Color) | AF4: UPS1-POWER PLANT ROOM-1 | AS4: UPS2-POWER PLANT ROOM-2 | BF4: Rectifier 1 - Voltage / Amps | BI4: Used Percentage | BJ4: Rectifier 2 - Voltage / Amps | BM4: Used Percentage | BN4: Room-1 Server & IT | BP4: Media Room | BR4: Power Room-1 | BT4: Power Room-2 | BV4: Room-1 | BX4: Room-2 | BZ4: Work Station | CA4: FM 200 Panel / WDS/Vesda Status
B5: R | C5: Y | D5: B | E5: R | F5: Y | G5: B | H5: HZ | N5: R | O5: Y | P5: B | Q5: R | R5: Y | S5: B | AF5: Output Load KW | AG5: Used Capacity | AH5: Battery Charge % | AI5: Battery Voltage (V) | AJ5: Load Current-A ( A) | AK5: Load Current-B ( A) | AL5: Load Current-C ( A) | AM5: Load Phase -A % | AN5: Load Phase -B % | AO5: Load Phase -C % | AP5: Output Voltage-A ( V) | AQ5: Output Voltage-B ( V) | AR5: Output Voltage-C ( V) | AS5: Output Load KW | AT5: Used Capacity | AU5: Battery Charge % | AV5: Battery Voltage (V) | AW5: Load Current-A ( A) | AX5: Load Current-B ( A) | AY5: Load Current-C ( A) | AZ5: Load Phase -A % | BA5: Load Phase -B % | BB5: Load Phase -C % | BC5: Output Voltage-A ( V) | BD5: Output Voltage-B ( V) | BE5: Output Voltage-C ( V) | BF5: DC Volatge | BG5: Current | BH5: Battery charge status | BJ5: DC Volatge | BK5: Current | BL5: Battery charge status | BN5: Temp | BO5: Hum | BP5: Temp | BQ5: Hum | BR5: Temp | BS5: Hum | BT5: Temp | BU5: Hum | BV5: Temp | BW5: Hum | BX5: Temp | BY5: Hum
A6: 0
A7: 0.041666667
A8: 0.083333333
A9: 0.125
A10: 0.16666667
A11: 0.20833333
A12: 0.25
A13: 0.29166667
A14: 0.33333333
A15: 0.375
A16: 0.41666667
A17: 0.45833333
... A29: 0.95833333
B31: Average | C31: Maximum | L31: Average | M31: =AVERAGE(M6:M29) -> #DIV/0! | BE31: Average | BF31: =AVERAGE(BF6:BF29) -> #DIV/0! | BG31: =AVERAGE(BG6:BG29) -> #DIV/0! | BJ31: =AVERAGE(BJ6:BJ29) -> #DIV/0! | BK31: =AVERAGE(BK6:BK29) -> #DIV/0! | BN31: =AVERAGE(BN6:BN29) -> #DIV/0! | BO31: =MAX(BN6:BN29) -> 0 | BP31: =MIN(BN6:BN29) -> 0 | BQ31: =AVERAGE(BO6:BO29) -> #DIV/0! | BR31: =MAX(BO6:BO29) -> 0 | BS31: =MIN(BO6:BO29) -> 0
A32: UPS: | B32: =AF32+AS32 -> #DIV/0! | C32: =AF33+AS33 -> 0 | L32: Max | M32: =MAX(M6:M29) -> 0 | AE32: Avg | AF32: =AVERAGE(AF6:AF29) -> #DIV/0! | AR32: Avg | AS32: =AVERAGE(AS6:AS29) -> #DIV/0! | BE32: Max | BF32: =MAX(BF6:BF29) -> 0 | BG32: =MAX(BG6:BG29) -> 0 | BH32: =BF31*BG31 -> #DIV/0! | BJ32: =MAX(BJ6:BJ29) -> 0 | BK32: =MAX(BK6:BK29) -> 0 | BL32: =BJ31*BK31 -> #DIV/0!
A33: Rectifier: | B33: =(BH32+BL32)/1000 -> #DIV/0! | C33: =(BH33+BL33)/1000 -> 0 | AE33: Max | AF33: =MAX(AF6:AF29) -> 0 | AR33: Max | AS33: =MAX(AS6:AS29) -> 0 | BH33: =BF32*BG32 -> 0 | BL33: =BJ32*BK32 -> 0
A39: Technician signature | R39: Engineer signature
A45: DAILY DIARY
A46: Date | B46: Time | C46: Observations &Activities done on the duty

Sheet 12
A1: Switch Power & Room temperature Log Sheet | BV1: ='11'!BV1:CC1+1 -> 46185
A2: Zesco Load Details | N2: DG Load Details | AF2: Ground Floor | BV2: First Floor | CA2: Second Floor | CB2: Load On | CC2: Shift Tech
AF3: Inverter Readings | BF3: Rectifier Readings | BN3: Temperature in Centigrade | BZ3: Condition
A4: Time | B4: Load On Grid in AMPs | E4: Grid Voltage Line to Line | H4: Grid frequency | I4: Grid Power Status ON/ OFF | J4: Grid Off Time | K4: Grid Restored Time | L4: Grid off Duration | M4: Site Load ( ZESCO Or Generator) in kw | N4: Load On DG in AMPs | Q4: DG Voltage Line to Line | T4: DG-1 Run Hrs | U4: DG 1 Battery Voltage | V4: Charged Status (Color) | W4: DG-2 Run Hrs | X4: DG 2 Battery Voltage | Y4: Charged Status (Color) | Z4: DG-3 Run Hrs | AA4: DG 3 Battery Voltage | AB4: Charged Status (Color) | AC4: DG-4 Run Hrs | AD4: DG 4 Battery Voltage | AE4: Charged Status (Color) | AF4: UPS1-POWER PLANT ROOM-1 | AS4: UPS2-POWER PLANT ROOM-2 | BF4: Rectifier 1 - Voltage / Amps | BI4: Used Percentage | BJ4: Rectifier 2 - Voltage / Amps | BM4: Used Percentage | BN4: Room-1 Server & IT | BP4: Media Room | BR4: Power Room-1 | BT4: Power Room-2 | BV4: Room-1 | BX4: Room-2 | BZ4: Work Station | CA4: FM 200 Panel / WDS/Vesda Status
B5: R | C5: Y | D5: B | E5: R | F5: Y | G5: B | H5: HZ | N5: R | O5: Y | P5: B | Q5: R | R5: Y | S5: B | AF5: Output Load KW | AG5: Used Capacity | AH5: Battery Charge % | AI5: Battery Voltage (V) | AJ5: Load Current-A ( A) | AK5: Load Current-B ( A) | AL5: Load Current-C ( A) | AM5: Load Phase -A % | AN5: Load Phase -B % | AO5: Load Phase -C % | AP5: Output Voltage-A ( V) | AQ5: Output Voltage-B ( V) | AR5: Output Voltage-C ( V) | AS5: Output Load KW | AT5: Used Capacity | AU5: Battery Charge % | AV5: Battery Voltage (V) | AW5: Load Current-A ( A) | AX5: Load Current-B ( A) | AY5: Load Current-C ( A) | AZ5: Load Phase -A % | BA5: Load Phase -B % | BB5: Load Phase -C % | BC5: Output Voltage-A ( V) | BD5: Output Voltage-B ( V) | BE5: Output Voltage-C ( V) | BF5: DC Volatge | BG5: Current | BH5: Battery charge status | BJ5: DC Volatge | BK5: Current | BL5: Battery charge status | BN5: Temp | BO5: Hum | BP5: Temp | BQ5: Hum | BR5: Temp | BS5: Hum | BT5: Temp | BU5: Hum | BV5: Temp | BW5: Hum | BX5: Temp | BY5: Hum
A6: 0
A7: 0.041666667
A8: 0.083333333
A9: 0.125
A10: 0.16666667
A11: 0.20833333
A12: 0.25
A13: 0.29166667
A14: 0.33333333
A15: 0.375
A16: 0.41666667
A17: 0.45833333
... A29: 0.95833333
B31: Average | C31: Maximum | L31: Average | M31: =AVERAGE(M6:M29) -> #DIV/0! | BE31: Average | BF31: =AVERAGE(BF6:BF29) -> #DIV/0! | BG31: =AVERAGE(BG6:BG29) -> #DIV/0! | BJ31: =AVERAGE(BJ6:BJ29) -> #DIV/0! | BK31: =AVERAGE(BK6:BK29) -> #DIV/0! | BN31: =AVERAGE(BN6:BN29) -> #DIV/0! | BO31: =MAX(BN6:BN29) -> 0 | BP31: =MIN(BN6:BN29) -> 0 | BQ31: =AVERAGE(BO6:BO29) -> #DIV/0! | BR31: =MAX(BO6:BO29) -> 0 | BS31: =MIN(BO6:BO29) -> 0
A32: UPS: | B32: =AF32+AS32 -> #DIV/0! | C32: =AF33+AS33 -> 0 | L32: Max | M32: =MAX(M6:M29) -> 0 | AE32: Avg | AF32: =AVERAGE(AF6:AF29) -> #DIV/0! | AR32: Avg | AS32: =AVERAGE(AS6:AS29) -> #DIV/0! | BE32: Max | BF32: =MAX(BF6:BF29) -> 0 | BG32: =MAX(BG6:BG29) -> 0 | BH32: =BF31*BG31 -> #DIV/0! | BJ32: =MAX(BJ6:BJ29) -> 0 | BK32: =MAX(BK6:BK29) -> 0 | BL32: =BJ31*BK31 -> #DIV/0!
A33: Rectifier: | B33: =(BH32+BL32)/1000 -> #DIV/0! | C33: =(BH33+BL33)/1000 -> 0 | AE33: Max | AF33: =MAX(AF6:AF29) -> 0 | AR33: Max | AS33: =MAX(AS6:AS29) -> 0 | BH33: =BF32*BG32 -> 0 | BL33: =BJ32*BK32 -> 0
A39: Technician signature | R39: Engineer signature
A45: DAILY DIARY
A46: Date | B46: Time | C46: Observations &Activities done on the duty

Sheet 13
A1: Switch Power & Room temperature Log Sheet | BV1: ='12'!BV1:CC1+1 -> 46186
A2: Zesco Load Details | N2: DG Load Details | AF2: Ground Floor | BV2: First Floor | CA2: Second Floor | CB2: Load On | CC2: Shift Tech
AF3: Inverter Readings | BF3: Rectifier Readings | BN3: Temperature in Centigrade | BZ3: Condition
A4: Time | B4: Load On Grid in AMPs | E4: Grid Voltage Line to Line | H4: Grid frequency | I4: Grid Power Status ON/ OFF | J4: Grid Off Time | K4: Grid Restored Time | L4: Grid off Duration | M4: Site Load ( ZESCO Or Generator) in kw | N4: Load On DG in AMPs | Q4: DG Voltage Line to Line | T4: DG-1 Run Hrs | U4: DG 1 Battery Voltage | V4: Charged Status (Color) | W4: DG-2 Run Hrs | X4: DG 2 Battery Voltage | Y4: Charged Status (Color) | Z4: DG-3 Run Hrs | AA4: DG 3 Battery Voltage | AB4: Charged Status (Color) | AC4: DG-4 Run Hrs | AD4: DG 4 Battery Voltage | AE4: Charged Status (Color) | AF4: UPS1-POWER PLANT ROOM-1 | AS4: UPS2-POWER PLANT ROOM-2 | BF4: Rectifier 1 - Voltage / Amps | BI4: Used Percentage | BJ4: Rectifier 2 - Voltage / Amps | BM4: Used Percentage | BN4: Room-1 Server & IT | BP4: Media Room | BR4: Power Room-1 | BT4: Power Room-2 | BV4: Room-1 | BX4: Room-2 | BZ4: Work Station | CA4: FM 200 Panel / WDS/Vesda Status
B5: R | C5: Y | D5: B | E5: R | F5: Y | G5: B | H5: HZ | N5: R | O5: Y | P5: B | Q5: R | R5: Y | S5: B | AF5: Output Load KW | AG5: Used Capacity | AH5: Battery Charge % | AI5: Battery Voltage (V) | AJ5: Load Current-A ( A) | AK5: Load Current-B ( A) | AL5: Load Current-C ( A) | AM5: Load Phase -A % | AN5: Load Phase -B % | AO5: Load Phase -C % | AP5: Output Voltage-A ( V) | AQ5: Output Voltage-B ( V) | AR5: Output Voltage-C ( V) | AS5: Output Load KW | AT5: Used Capacity | AU5: Battery Charge % | AV5: Battery Voltage (V) | AW5: Load Current-A ( A) | AX5: Load Current-B ( A) | AY5: Load Current-C ( A) | AZ5: Load Phase -A % | BA5: Load Phase -B % | BB5: Load Phase -C % | BC5: Output Voltage-A ( V) | BD5: Output Voltage-B ( V) | BE5: Output Voltage-C ( V) | BF5: DC Volatge | BG5: Current | BH5: Battery charge status | BJ5: DC Volatge | BK5: Current | BL5: Battery charge status | BN5: Temp | BO5: Hum | BP5: Temp | BQ5: Hum | BR5: Temp | BS5: Hum | BT5: Temp | BU5: Hum | BV5: Temp | BW5: Hum | BX5: Temp | BY5: Hum
A6: 0
A7: 0.041666667
A8: 0.083333333
A9: 0.125
A10: 0.16666667
A11: 0.20833333
A12: 0.25
A13: 0.29166667
A14: 0.33333333
A15: 0.375
A16: 0.41666667
A17: 0.45833333
... A29: 0.95833333
B31: Average | C31: Maximum | L31: Average | M31: =AVERAGE(M6:M29) -> #DIV/0! | BE31: Average | BF31: =AVERAGE(BF6:BF29) -> #DIV/0! | BG31: =AVERAGE(BG6:BG29) -> #DIV/0! | BJ31: =AVERAGE(BJ6:BJ29) -> #DIV/0! | BK31: =AVERAGE(BK6:BK29) -> #DIV/0! | BN31: =AVERAGE(BN6:BN29) -> #DIV/0! | BO31: =MAX(BN6:BN29) -> 0 | BP31: =MIN(BN6:BN29) -> 0 | BQ31: =AVERAGE(BO6:BO29) -> #DIV/0! | BR31: =MAX(BO6:BO29) -> 0 | BS31: =MIN(BO6:BO29) -> 0
A32: UPS: | B32: =AF32+AS32 -> #DIV/0! | C32: =AF33+AS33 -> 0 | L32: Max | M32: =MAX(M6:M29) -> 0 | AE32: Avg | AF32: =AVERAGE(AF6:AF29) -> #DIV/0! | AR32: Avg | AS32: =AVERAGE(AS6:AS29) -> #DIV/0! | BE32: Max | BF32: =MAX(BF6:BF29) -> 0 | BG32: =MAX(BG6:BG29) -> 0 | BH32: =BF31*BG31 -> #DIV/0! | BJ32: =MAX(BJ6:BJ29) -> 0 | BK32: =MAX(BK6:BK29) -> 0 | BL32: =BJ31*BK31 -> #DIV/0!
A33: Rectifier: | B33: =(BH32+BL32)/1000 -> #DIV/0! | C33: =(BH33+BL33)/1000 -> 0 | AE33: Max | AF33: =MAX(AF6:AF29) -> 0 | AR33: Max | AS33: =MAX(AS6:AS29) -> 0 | BH33: =BF32*BG32 -> 0 | BL33: =BJ32*BK32 -> 0
A39: Technician signature | R39: Engineer signature
A45: DAILY DIARY
A46: Date | B46: Time | C46: Observations &Activities done on the duty

Sheet 14
A1: Switch Power & Room temperature Log Sheet | BV1: ='13'!BV1:CC1+1 -> 46187
A2: Zesco Load Details | N2: DG Load Details | AF2: Ground Floor | BV2: First Floor | CA2: Second Floor | CB2: Load On | CC2: Shift Tech
AF3: Inverter Readings | BF3: Rectifier Readings | BN3: Temperature in Centigrade | BZ3: Condition
A4: Time | B4: Load On Grid in AMPs | E4: Grid Voltage Line to Line | H4: Grid frequency | I4: Grid Power Status ON/ OFF | J4: Grid Off Time | K4: Grid Restored Time | L4: Grid off Duration | M4: Site Load ( ZESCO Or Generator) in kw | N4: Load On DG in AMPs | Q4: DG Voltage Line to Line | T4: DG-1 Run Hrs | U4: DG 1 Battery Voltage | V4: Charged Status (Color) | W4: DG-2 Run Hrs | X4: DG 2 Battery Voltage | Y4: Charged Status (Color) | Z4: DG-3 Run Hrs | AA4: DG 3 Battery Voltage | AB4: Charged Status (Color) | AC4: DG-4 Run Hrs | AD4: DG 4 Battery Voltage | AE4: Charged Status (Color) | AF4: UPS1-POWER PLANT ROOM-1 | AS4: UPS2-POWER PLANT ROOM-2 | BF4: Rectifier 1 - Voltage / Amps | BI4: Used Percentage | BJ4: Rectifier 2 - Voltage / Amps | BM4: Used Percentage | BN4: Room-1 Server & IT | BP4: Media Room | BR4: Power Room-1 | BT4: Power Room-2 | BV4: Room-1 | BX4: Room-2 | BZ4: Work Station | CA4: FM 200 Panel / WDS/Vesda Status
B5: R | C5: Y | D5: B | E5: R | F5: Y | G5: B | H5: HZ | N5: R | O5: Y | P5: B | Q5: R | R5: Y | S5: B | AF5: Output Load KW | AG5: Used Capacity | AH5: Battery Charge % | AI5: Battery Voltage (V) | AJ5: Load Current-A ( A) | AK5: Load Current-B ( A) | AL5: Load Current-C ( A) | AM5: Load Phase -A % | AN5: Load Phase -B % | AO5: Load Phase -C % | AP5: Output Voltage-A ( V) | AQ5: Output Voltage-B ( V) | AR5: Output Voltage-C ( V) | AS5: Output Load KW | AT5: Used Capacity | AU5: Battery Charge % | AV5: Battery Voltage (V) | AW5: Load Current-A ( A) | AX5: Load Current-B ( A) | AY5: Load Current-C ( A) | AZ5: Load Phase -A % | BA5: Load Phase -B % | BB5: Load Phase -C % | BC5: Output Voltage-A ( V) | BD5: Output Voltage-B ( V) | BE5: Output Voltage-C ( V) | BF5: DC Volatge | BG5: Current | BH5: Battery charge status | BJ5: DC Volatge | BK5: Current | BL5: Battery charge status | BN5: Temp | BO5: Hum | BP5: Temp | BQ5: Hum | BR5: Temp | BS5: Hum | BT5: Temp | BU5: Hum | BV5: Temp | BW5: Hum | BX5: Temp | BY5: Hum
A6: 0
A7: 0.041666667
A8: 0.083333333
A9: 0.125
A10: 0.16666667
A11: 0.20833333
A12: 0.25
A13: 0.29166667
A14: 0.33333333
A15: 0.375
A16: 0.41666667
A17: 0.45833333
... A29: 0.95833333
B31: Average | C31: Maximum | L31: Average | M31: =AVERAGE(M6:M29) -> #DIV/0! | BE31: Average | BF31: =AVERAGE(BF6:BF29) -> #DIV/0! | BG31: =AVERAGE(BG6:BG29) -> #DIV/0! | BJ31: =AVERAGE(BJ6:BJ29) -> #DIV/0! | BK31: =AVERAGE(BK6:BK29) -> #DIV/0! | BN31: =AVERAGE(BN6:BN29) -> #DIV/0! | BO31: =MAX(BN6:BN29) -> 0 | BP31: =MIN(BN6:BN29) -> 0 | BQ31: =AVERAGE(BO6:BO29) -> #DIV/0! | BR31: =MAX(BO6:BO29) -> 0 | BS31: =MIN(BO6:BO29) -> 0
A32: UPS: | B32: =AF32+AS32 -> #DIV/0! | C32: =AF33+AS33 -> 0 | L32: Max | M32: =MAX(M6:M29) -> 0 | AE32: Avg | AF32: =AVERAGE(AF6:AF29) -> #DIV/0! | AR32: Avg | AS32: =AVERAGE(AS6:AS29) -> #DIV/0! | BE32: Max | BF32: =MAX(BF6:BF29) -> 0 | BG32: =MAX(BG6:BG29) -> 0 | BH32: =BF31*BG31 -> #DIV/0! | BJ32: =MAX(BJ6:BJ29) -> 0 | BK32: =MAX(BK6:BK29) -> 0 | BL32: =BJ31*BK31 -> #DIV/0!
A33: Rectifier: | B33: =(BH32+BL32)/1000 -> #DIV/0! | C33: =(BH33+BL33)/1000 -> 0 | AE33: Max | AF33: =MAX(AF6:AF29) -> 0 | AR33: Max | AS33: =MAX(AS6:AS29) -> 0 | BH33: =BF32*BG32 -> 0 | BL33: =BJ32*BK32 -> 0
A39: Technician signature | R39: Engineer signature
A45: DAILY DIARY
A46: Date | B46: Time | C46: Observations &Activities done on the duty

Sheet 15
A1: Switch Power & Room temperature Log Sheet | BV1: ='14'!BV1:CC1+1 -> 46188
A2: Zesco Load Details | N2: DG Load Details | AF2: Ground Floor | BV2: First Floor | CA2: Second Floor | CB2: Load On | CC2: Shift Tech
AF3: Inverter Readings | BF3: Rectifier Readings | BN3: Temperature in Centigrade | BZ3: Condition
A4: Time | B4: Load On Grid in AMPs | E4: Grid Voltage Line to Line | H4: Grid frequency | I4: Grid Power Status ON/ OFF | J4: Grid Off Time | K4: Grid Restored Time | L4: Grid off Duration | M4: Site Load ( ZESCO Or Generator) in kw | N4: Load On DG in AMPs | Q4: DG Voltage Line to Line | T4: DG-1 Run Hrs | U4: DG 1 Battery Voltage | V4: Charged Status (Color) | W4: DG-2 Run Hrs | X4: DG 2 Battery Voltage | Y4: Charged Status (Color) | Z4: DG-3 Run Hrs | AA4: DG 3 Battery Voltage | AB4: Charged Status (Color) | AC4: DG-4 Run Hrs | AD4: DG 4 Battery Voltage | AE4: Charged Status (Color) | AF4: UPS1-POWER PLANT ROOM-1 | AS4: UPS2-POWER PLANT ROOM-2 | BF4: Rectifier 1 - Voltage / Amps | BI4: Used Percentage | BJ4: Rectifier 2 - Voltage / Amps | BM4: Used Percentage | BN4: Room-1 Server & IT | BP4: Media Room | BR4: Power Room-1 | BT4: Power Room-2 | BV4: Room-1 | BX4: Room-2 | BZ4: Work Station | CA4: FM 200 Panel / WDS/Vesda Status
B5: R | C5: Y | D5: B | E5: R | F5: Y | G5: B | H5: HZ | N5: R | O5: Y | P5: B | Q5: R | R5: Y | S5: B | AF5: Output Load KW | AG5: Used Capacity | AH5: Battery Charge % | AI5: Battery Voltage (V) | AJ5: Load Current-A ( A) | AK5: Load Current-B ( A) | AL5: Load Current-C ( A) | AM5: Load Phase -A % | AN5: Load Phase -B % | AO5: Load Phase -C % | AP5: Output Voltage-A ( V) | AQ5: Output Voltage-B ( V) | AR5: Output Voltage-C ( V) | AS5: Output Load KW | AT5: Used Capacity | AU5: Battery Charge % | AV5: Battery Voltage (V) | AW5: Load Current-A ( A) | AX5: Load Current-B ( A) | AY5: Load Current-C ( A) | AZ5: Load Phase -A % | BA5: Load Phase -B % | BB5: Load Phase -C % | BC5: Output Voltage-A ( V) | BD5: Output Voltage-B ( V) | BE5: Output Voltage-C ( V) | BF5: DC Volatge | BG5: Current | BH5: Battery charge status | BJ5: DC Volatge | BK5: Current | BL5: Battery charge status | BN5: Temp | BO5: Hum | BP5: Temp | BQ5: Hum | BR5: Temp | BS5: Hum | BT5: Temp | BU5: Hum | BV5: Temp | BW5: Hum | BX5: Temp | BY5: Hum
A6: 0
A7: 0.041666667
A8: 0.083333333
A9: 0.125
A10: 0.16666667
A11: 0.20833333
A12: 0.25
A13: 0.29166667
A14: 0.33333333
A15: 0.375
A16: 0.41666667
A17: 0.45833333
... A29: 0.95833333
B31: Average | C31: Maximum | L31: Average | M31: =AVERAGE(M6:M29) -> #DIV/0! | BE31: Average | BF31: =AVERAGE(BF6:BF29) -> #DIV/0! | BG31: =AVERAGE(BG6:BG29) -> #DIV/0! | BJ31: =AVERAGE(BJ6:BJ29) -> #DIV/0! | BK31: =AVERAGE(BK6:BK29) -> #DIV/0! | BN31: =AVERAGE(BN6:BN29) -> #DIV/0! | BO31: =MAX(BN6:BN29) -> 0 | BP31: =MIN(BN6:BN29) -> 0 | BQ31: =AVERAGE(BO6:BO29) -> #DIV/0! | BR31: =MAX(BO6:BO29) -> 0 | BS31: =MIN(BO6:BO29) -> 0
A32: UPS: | B32: =AF32+AS32 -> #DIV/0! | C32: =AF33+AS33 -> 0 | L32: Max | M32: =MAX(M6:M29) -> 0 | AE32: Avg | AF32: =AVERAGE(AF6:AF29) -> #DIV/0! | AR32: Avg | AS32: =AVERAGE(AS6:AS29) -> #DIV/0! | BE32: Max | BF32: =MAX(BF6:BF29) -> 0 | BG32: =MAX(BG6:BG29) -> 0 | BH32: =BF31*BG31 -> #DIV/0! | BJ32: =MAX(BJ6:BJ29) -> 0 | BK32: =MAX(BK6:BK29) -> 0 | BL32: =BJ31*BK31 -> #DIV/0!
A33: Rectifier: | B33: =(BH32+BL32)/1000 -> #DIV/0! | C33: =(BH33+BL33)/1000 -> 0 | AE33: Max | AF33: =MAX(AF6:AF29) -> 0 | AR33: Max | AS33: =MAX(AS6:AS29) -> 0 | BH33: =BF32*BG32 -> 0 | BL33: =BJ32*BK32 -> 0
A39: Technician signature | R39: Engineer signature
A45: DAILY DIARY
A46: Date | B46: Time | C46: Observations &Activities done on the duty

Sheet 16
A1: Switch Power & Room temperature Log Sheet | BV1: ='15'!BV1:CC1+1 -> 46189
A2: Zesco Load Details | N2: DG Load Details | AF2: Ground Floor | BV2: First Floor | CA2: Second Floor | CB2: Load On | CC2: Shift Tech
AF3: Inverter Readings | BF3: Rectifier Readings | BN3: Temperature in Centigrade | BZ3: Condition
A4: Time | B4: Load On Grid in AMPs | E4: Grid Voltage Line to Line | H4: Grid frequency | I4: Grid Power Status ON/ OFF | J4: Grid Off Time | K4: Grid Restored Time | L4: Grid off Duration | M4: Site Load ( ZESCO Or Generator) in kw | N4: Load On DG in AMPs | Q4: DG Voltage Line to Line | T4: DG-1 Run Hrs | U4: DG 1 Battery Voltage | V4: Charged Status (Color) | W4: DG-2 Run Hrs | X4: DG 2 Battery Voltage | Y4: Charged Status (Color) | Z4: DG-3 Run Hrs | AA4: DG 3 Battery Voltage | AB4: Charged Status (Color) | AC4: DG-4 Run Hrs | AD4: DG 4 Battery Voltage | AE4: Charged Status (Color) | AF4: UPS1-POWER PLANT ROOM-1 | AS4: UPS2-POWER PLANT ROOM-2 | BF4: Rectifier 1 - Voltage / Amps | BI4: Used Percentage | BJ4: Rectifier 2 - Voltage / Amps | BM4: Used Percentage | BN4: Room-1 Server & IT | BP4: Media Room | BR4: Power Room-1 | BT4: Power Room-2 | BV4: Room-1 | BX4: Room-2 | BZ4: Work Station | CA4: FM 200 Panel / WDS/Vesda Status
B5: R | C5: Y | D5: B | E5: R | F5: Y | G5: B | H5: HZ | N5: R | O5: Y | P5: B | Q5: R | R5: Y | S5: B | AF5: Output Load KW | AG5: Used Capacity | AH5: Battery Charge % | AI5: Battery Voltage (V) | AJ5: Load Current-A ( A) | AK5: Load Current-B ( A) | AL5: Load Current-C ( A) | AM5: Load Phase -A % | AN5: Load Phase -B % | AO5: Load Phase -C % | AP5: Output Voltage-A ( V) | AQ5: Output Voltage-B ( V) | AR5: Output Voltage-C ( V) | AS5: Output Load KW | AT5: Used Capacity | AU5: Battery Charge % | AV5: Battery Voltage (V) | AW5: Load Current-A ( A) | AX5: Load Current-B ( A) | AY5: Load Current-C ( A) | AZ5: Load Phase -A % | BA5: Load Phase -B % | BB5: Load Phase -C % | BC5: Output Voltage-A ( V) | BD5: Output Voltage-B ( V) | BE5: Output Voltage-C ( V) | BF5: DC Volatge | BG5: Current | BH5: Battery charge status | BJ5: DC Volatge | BK5: Current | BL5: Battery charge status | BN5: Temp | BO5: Hum | BP5: Temp | BQ5: Hum | BR5: Temp | BS5: Hum | BT5: Temp | BU5: Hum | BV5: Temp | BW5: Hum | BX5: Temp | BY5: Hum
A6: 0
A7: 0.041666667
A8: 0.083333333
A9: 0.125
A10: 0.16666667
A11: 0.20833333
A12: 0.25
A13: 0.29166667
A14: 0.33333333
A15: 0.375
A16: 0.41666667
A17: 0.45833333
... A29: 0.95833333
AC30: 11.33
B31: Average | C31: Maximum | L31: Average | M31: =AVERAGE(M6:M29) -> #DIV/0! | BE31: Average | BF31: =AVERAGE(BF6:BF29) -> #DIV/0! | BG31: =AVERAGE(BG6:BG29) -> #DIV/0! | BJ31: =AVERAGE(BJ6:BJ29) -> #DIV/0! | BK31: =AVERAGE(BK6:BK29) -> #DIV/0! | BN31: =AVERAGE(BN6:BN29) -> #DIV/0! | BO31: =MAX(BN6:BN29) -> 0 | BP31: =MIN(BN6:BN29) -> 0 | BQ31: =AVERAGE(BO6:BO29) -> #DIV/0! | BR31: =MAX(BO6:BO29) -> 0 | BS31: =MIN(BO6:BO29) -> 0
A32: UPS: | B32: =AF32+AS32 -> #DIV/0! | C32: =AF33+AS33 -> 0 | L32: Max | M32: =MAX(M6:M29) -> 0 | AE32: Avg | AF32: =AVERAGE(AF6:AF29) -> #DIV/0! | AR32: Avg | AS32: =AVERAGE(AS6:AS29) -> #DIV/0! | BE32: Max | BF32: =MAX(BF6:BF29) -> 0 | BG32: =MAX(BG6:BG29) -> 0 | BH32: =BF31*BG31 -> #DIV/0! | BJ32: =MAX(BJ6:BJ29) -> 0 | BK32: =MAX(BK6:BK29) -> 0 | BL32: =BJ31*BK31 -> #DIV/0!
A33: Rectifier: | B33: =(BH32+BL32)/1000 -> #DIV/0! | C33: =(BH33+BL33)/1000 -> 0 | AE33: Max | AF33: =MAX(AF6:AF29) -> 0 | AR33: Max | AS33: =MAX(AS6:AS29) -> 0 | BH33: =BF32*BG32 -> 0 | BL33: =BJ32*BK32 -> 0
A39: Technician signature | R39: Engineer signature
A45: DAILY DIARY
A46: Date | B46: Time | C46: Observations &Activities done on the duty

Sheet 17
A1: Switch Power & Room temperature Log Sheet | BV1: ='16'!BV1:CC1+1 -> 46190
A2: Zesco Load Details | N2: DG Load Details | AF2: Ground Floor | BV2: First Floor | CA2: Second Floor | CB2: Load On | CC2: Shift Tech
AF3: Inverter Readings | BF3: Rectifier Readings | BN3: Temperature in Centigrade | BZ3: Condition
A4: Time | B4: Load On Grid in AMPs | E4: Grid Voltage Line to Line | H4: Grid frequency | I4: Grid Power Status ON/ OFF | J4: Grid Off Time | K4: Grid Restored Time | L4: Grid off Duration | M4: Site Load ( ZESCO Or Generator) in kw | N4: Load On DG in AMPs | Q4: DG Voltage Line to Line | T4: DG-1 Run Hrs | U4: DG 1 Battery Voltage | V4: Charged Status (Color) | W4: DG-2 Run Hrs | X4: DG 2 Battery Voltage | Y4: Charged Status (Color) | Z4: DG-3 Run Hrs | AA4: DG 3 Battery Voltage | AB4: Charged Status (Color) | AC4: DG-4 Run Hrs | AD4: DG 4 Battery Voltage | AE4: Charged Status (Color) | AF4: UPS1-POWER PLANT ROOM-1 | AS4: UPS2-POWER PLANT ROOM-2 | BF4: Rectifier 1 - Voltage / Amps | BI4: Used Percentage | BJ4: Rectifier 2 - Voltage / Amps | BM4: Used Percentage | BN4: Room-1 Server & IT | BP4: Media Room | BR4: Power Room-1 | BT4: Power Room-2 | BV4: Room-1 | BX4: Room-2 | BZ4: Work Station | CA4: FM 200 Panel / WDS/Vesda Status
B5: R | C5: Y | D5: B | E5: R | F5: Y | G5: B | H5: HZ | N5: R | O5: Y | P5: B | Q5: R | R5: Y | S5: B | AF5: Output Load KW | AG5: Used Capacity | AH5: Battery Charge % | AI5: Battery Voltage (V) | AJ5: Load Current-A ( A) | AK5: Load Current-B ( A) | AL5: Load Current-C ( A) | AM5: Load Phase -A % | AN5: Load Phase -B % | AO5: Load Phase -C % | AP5: Output Voltage-A ( V) | AQ5: Output Voltage-B ( V) | AR5: Output Voltage-C ( V) | AS5: Output Load KW | AT5: Used Capacity | AU5: Battery Charge % | AV5: Battery Voltage (V) | AW5: Load Current-A ( A) | AX5: Load Current-B ( A) | AY5: Load Current-C ( A) | AZ5: Load Phase -A % | BA5: Load Phase -B % | BB5: Load Phase -C % | BC5: Output Voltage-A ( V) | BD5: Output Voltage-B ( V) | BE5: Output Voltage-C ( V) | BF5: DC Volatge | BG5: Current | BH5: Battery charge status | BJ5: DC Volatge | BK5: Current | BL5: Battery charge status | BN5: Temp | BO5: Hum | BP5: Temp | BQ5: Hum | BR5: Temp | BS5: Hum | BT5: Temp | BU5: Hum | BV5: Temp | BW5: Hum | BX5: Temp | BY5: Hum
A6: 0
A7: 0.041666667
A8: 0.083333333
A9: 0.125
A10: 0.16666667
A11: 0.20833333
A12: 0.25
A13: 0.29166667
A14: 0.33333333
A15: 0.375
A16: 0.41666667
A17: 0.45833333
... A23: 0.70833333
A24: 0.75 | CE24: JHJNJ
A25: 0.79166667
A26: 0.83333333
A27: 0.875
A28: 0.91666667
A29: 0.95833333
B31: Average | C31: Maximum | L31: Average | M31: =AVERAGE(M6:M29) -> #DIV/0! | BE31: Average | BF31: =AVERAGE(BF6:BF29) -> #DIV/0! | BG31: =AVERAGE(BG6:BG29) -> #DIV/0! | BJ31: =AVERAGE(BJ6:BJ29) -> #DIV/0! | BK31: =AVERAGE(BK6:BK29) -> #DIV/0! | BN31: =AVERAGE(BN6:BN29) -> #DIV/0! | BO31: =MAX(BN6:BN29) -> 0 | BP31: =MIN(BN6:BN29) -> 0 | BQ31: =AVERAGE(BO6:BO29) -> #DIV/0! | BR31: =MAX(BO6:BO29) -> 0 | BS31: =MIN(BO6:BO29) -> 0
A32: UPS: | B32: =AF32+AS32 -> #DIV/0! | C32: =AF33+AS33 -> 0 | L32: Max | M32: =MAX(M6:M29) -> 0 | AE32: Avg | AF32: =AVERAGE(AF6:AF29) -> #DIV/0! | AR32: Avg | AS32: =AVERAGE(AS6:AS29) -> #DIV/0! | BE32: Max | BF32: =MAX(BF6:BF29) -> 0 | BG32: =MAX(BG6:BG29) -> 0 | BH32: =BF31*BG31 -> #DIV/0! | BJ32: =MAX(BJ6:BJ29) -> 0 | BK32: =MAX(BK6:BK29) -> 0 | BL32: =BJ31*BK31 -> #DIV/0!
A33: Rectifier: | B33: =(BH32+BL32)/1000 -> #DIV/0! | C33: =(BH33+BL33)/1000 -> 0 | AE33: Max | AF33: =MAX(AF6:AF29) -> 0 | AR33: Max | AS33: =MAX(AS6:AS29) -> 0 | BH33: =BF32*BG32 -> 0 | BL33: =BJ32*BK32 -> 0
A39: Technician signature | R39: Engineer signature
A45: DAILY DIARY
A46: Date | B46: Time | C46: Observations &Activities done on the duty

Sheet 18
A1: Switch Power & Room temperature Log Sheet | BV1: ='17'!BV1:CC1+1 -> 46191
A2: Zesco Load Details | N2: DG Load Details | AF2: Ground Floor | BV2: First Floor | CA2: Second Floor | CB2: Load On | CC2: Shift Tech
AF3: Inverter Readings | BF3: Rectifier Readings | BN3: Temperature in Centigrade | BZ3: Condition
A4: Time | B4: Load On Grid in AMPs | E4: Grid Voltage Line to Line | H4: Grid frequency | I4: Grid Power Status ON/ OFF | J4: Grid Off Time | K4: Grid Restored Time | L4: Grid off Duration | M4: Site Load ( ZESCO Or Generator) in kw | N4: Load On DG in AMPs | Q4: DG Voltage Line to Line | T4: DG-1 Run Hrs | U4: DG 1 Battery Voltage | V4: Charged Status (Color) | W4: DG-2 Run Hrs | X4: DG 2 Battery Voltage | Y4: Charged Status (Color) | Z4: DG-3 Run Hrs | AA4: DG 3 Battery Voltage | AB4: Charged Status (Color) | AC4: DG-4 Run Hrs | AD4: DG 4 Battery Voltage | AE4: Charged Status (Color) | AF4: UPS1-POWER PLANT ROOM-1 | AS4: UPS2-POWER PLANT ROOM-2 | BF4: Rectifier 1 - Voltage / Amps | BI4: Used Percentage | BJ4: Rectifier 2 - Voltage / Amps | BM4: Used Percentage | BN4: Room-1 Server & IT | BP4: Media Room | BR4: Power Room-1 | BT4: Power Room-2 | BV4: Room-1 | BX4: Room-2 | BZ4: Work Station | CA4: FM 200 Panel / WDS/Vesda Status
B5: R | C5: Y | D5: B | E5: R | F5: Y | G5: B | H5: HZ | N5: R | O5: Y | P5: B | Q5: R | R5: Y | S5: B | AF5: Output Load KW | AG5: Used Capacity | AH5: Battery Charge % | AI5: Battery Voltage (V) | AJ5: Load Current-A ( A) | AK5: Load Current-B ( A) | AL5: Load Current-C ( A) | AM5: Load Phase -A % | AN5: Load Phase -B % | AO5: Load Phase -C % | AP5: Output Voltage-A ( V) | AQ5: Output Voltage-B ( V) | AR5: Output Voltage-C ( V) | AS5: Output Load KW | AT5: Used Capacity | AU5: Battery Charge % | AV5: Battery Voltage (V) | AW5: Load Current-A ( A) | AX5: Load Current-B ( A) | AY5: Load Current-C ( A) | AZ5: Load Phase -A % | BA5: Load Phase -B % | BB5: Load Phase -C % | BC5: Output Voltage-A ( V) | BD5: Output Voltage-B ( V) | BE5: Output Voltage-C ( V) | BF5: DC Volatge | BG5: Current | BH5: Battery charge status | BJ5: DC Volatge | BK5: Current | BL5: Battery charge status | BN5: Temp | BO5: Hum | BP5: Temp | BQ5: Hum | BR5: Temp | BS5: Hum | BT5: Temp | BU5: Hum | BV5: Temp | BW5: Hum | BX5: Temp | BY5: Hum
A6: 0
A7: 0.041666667
A8: 0.083333333
A9: 0.125
A10: 0.16666667
A11: 0.20833333
A12: 0.25
A13: 0.29166667
A14: 0.33333333
A15: 0.375
A16: 0.41666667
A17: 0.45833333
... A29: 0.95833333
B31: Average | C31: Maximum | L31: Average | M31: =AVERAGE(M6:M29) -> #DIV/0! | BE31: Average | BF31: =AVERAGE(BF6:BF29) -> #DIV/0! | BG31: =AVERAGE(BG6:BG29) -> #DIV/0! | BJ31: =AVERAGE(BJ6:BJ29) -> #DIV/0! | BK31: =AVERAGE(BK6:BK29) -> #DIV/0! | BN31: =AVERAGE(BN6:BN29) -> #DIV/0! | BO31: =MAX(BN6:BN29) -> 0 | BP31: =MIN(BN6:BN29) -> 0 | BQ31: =AVERAGE(BO6:BO29) -> #DIV/0! | BR31: =MAX(BO6:BO29) -> 0 | BS31: =MIN(BO6:BO29) -> 0
A32: UPS: | B32: =AF32+AS32 -> #DIV/0! | C32: =AF33+AS33 -> 0 | L32: Max | M32: =MAX(M6:M29) -> 0 | AE32: Avg | AF32: =AVERAGE(AF6:AF29) -> #DIV/0! | AR32: Avg | AS32: =AVERAGE(AS6:AS29) -> #DIV/0! | BE32: Max | BF32: =MAX(BF6:BF29) -> 0 | BG32: =MAX(BG6:BG29) -> 0 | BH32: =BF31*BG31 -> #DIV/0! | BJ32: =MAX(BJ6:BJ29) -> 0 | BK32: =MAX(BK6:BK29) -> 0 | BL32: =BJ31*BK31 -> #DIV/0!
A33: Rectifier: | B33: =(BH32+BL32)/1000 -> #DIV/0! | C33: =(BH33+BL33)/1000 -> 0 | AE33: Max | AF33: =MAX(AF6:AF29) -> 0 | AR33: Max | AS33: =MAX(AS6:AS29) -> 0 | BH33: =BF32*BG32 -> 0 | BL33: =BJ32*BK32 -> 0
A39: Technician signature | R39: Engineer signature
A45: DAILY DIARY
A46: Date | B46: Time | C46: Observations &Activities done on the duty

Sheet 19
A1: Switch Power & Room temperature Log Sheet | BV1: ='18'!BV1:CC1+1 -> 46192
A2: Zesco Load Details | N2: DG Load Details | AF2: Ground Floor | BV2: First Floor | CA2: Second Floor | CB2: Load On | CC2: Shift Tech
AF3: Inverter Readings | BF3: Rectifier Readings | BN3: Temperature in Centigrade | BZ3: Condition
A4: Time | B4: Load On Grid in AMPs | E4: Grid Voltage Line to Line | H4: Grid frequency | I4: Grid Power Status ON/ OFF | J4: Grid Off Time | K4: Grid Restored Time | L4: Grid off Duration | M4: Site Load ( ZESCO Or Generator) in kw | N4: Load On DG in AMPs | Q4: DG Voltage Line to Line | T4: DG-1 Run Hrs | U4: DG 1 Battery Voltage | V4: Charged Status (Color) | W4: DG-2 Run Hrs | X4: DG 2 Battery Voltage | Y4: Charged Status (Color) | Z4: DG-3 Run Hrs | AA4: DG 3 Battery Voltage | AB4: Charged Status (Color) | AC4: DG-4 Run Hrs | AD4: DG 4 Battery Voltage | AE4: Charged Status (Color) | AF4: UPS1-POWER PLANT ROOM-1 | AS4: UPS2-POWER PLANT ROOM-2 | BF4: Rectifier 1 - Voltage / Amps | BI4: Used Percentage | BJ4: Rectifier 2 - Voltage / Amps | BM4: Used Percentage | BN4: Room-1 Server & IT | BP4: Media Room | BR4: Power Room-1 | BT4: Power Room-2 | BV4: Room-1 | BX4: Room-2 | BZ4: Work Station | CA4: FM 200 Panel / WDS/Vesda Status
B5: R | C5: Y | D5: B | E5: R | F5: Y | G5: B | H5: HZ | N5: R | O5: Y | P5: B | Q5: R | R5: Y | S5: B | AF5: Output Load KW | AG5: Used Capacity | AH5: Battery Charge % | AI5: Battery Voltage (V) | AJ5: Load Current-A ( A) | AK5: Load Current-B ( A) | AL5: Load Current-C ( A) | AM5: Load Phase -A % | AN5: Load Phase -B % | AO5: Load Phase -C % | AP5: Output Voltage-A ( V) | AQ5: Output Voltage-B ( V) | AR5: Output Voltage-C ( V) | AS5: Output Load KW | AT5: Used Capacity | AU5: Battery Charge % | AV5: Battery Voltage (V) | AW5: Load Current-A ( A) | AX5: Load Current-B ( A) | AY5: Load Current-C ( A) | AZ5: Load Phase -A % | BA5: Load Phase -B % | BB5: Load Phase -C % | BC5: Output Voltage-A ( V) | BD5: Output Voltage-B ( V) | BE5: Output Voltage-C ( V) | BF5: DC Volatge | BG5: Current | BH5: Battery charge status | BJ5: DC Volatge | BK5: Current | BL5: Battery charge status | BN5: Temp | BO5: Hum | BP5: Temp | BQ5: Hum | BR5: Temp | BS5: Hum | BT5: Temp | BU5: Hum | BV5: Temp | BW5: Hum | BX5: Temp | BY5: Hum
A6: 0
A7: 0.041666667
A8: 0.083333333
A9: 0.125
A10: 0.16666667
A11: 0.20833333
A12: 0.25
A13: 0.29166667
A14: 0.33333333
A15: 0.375
A16: 0.41666667
A17: 0.45833333
... A29: 0.95833333
B31: Average | C31: Maximum | L31: Average | M31: =AVERAGE(M6:M29) -> #DIV/0! | BE31: Average | BF31: =AVERAGE(BF6:BF29) -> #DIV/0! | BG31: =AVERAGE(BG6:BG29) -> #DIV/0! | BJ31: =AVERAGE(BJ6:BJ29) -> #DIV/0! | BK31: =AVERAGE(BK6:BK29) -> #DIV/0! | BN31: =AVERAGE(BN6:BN29) -> #DIV/0! | BO31: =MAX(BN6:BN29) -> 0 | BP31: =MIN(BN6:BN29) -> 0 | BQ31: =AVERAGE(BO6:BO29) -> #DIV/0! | BR31: =MAX(BO6:BO29) -> 0 | BS31: =MIN(BO6:BO29) -> 0
A32: UPS: | B32: =AF32+AS32 -> #DIV/0! | C32: =AF33+AS33 -> 0 | L32: Max | M32: =MAX(M6:M29) -> 0 | AE32: Avg | AF32: =AVERAGE(AF6:AF29) -> #DIV/0! | AR32: Avg | AS32: =AVERAGE(AS6:AS29) -> #DIV/0! | BE32: Max | BF32: =MAX(BF6:BF29) -> 0 | BG32: =MAX(BG6:BG29) -> 0 | BH32: =BF31*BG31 -> #DIV/0! | BJ32: =MAX(BJ6:BJ29) -> 0 | BK32: =MAX(BK6:BK29) -> 0 | BL32: =BJ31*BK31 -> #DIV/0!
A33: Rectifier: | B33: =(BH32+BL32)/1000 -> #DIV/0! | C33: =(BH33+BL33)/1000 -> 0 | AE33: Max | AF33: =MAX(AF6:AF29) -> 0 | AR33: Max | AS33: =MAX(AS6:AS29) -> 0 | BH33: =BF32*BG32 -> 0 | BL33: =BJ32*BK32 -> 0
A39: Technician signature | R39: Engineer signature
A45: DAILY DIARY
A46: Date | B46: Time | C46: Observations &Activities done on the duty
Q49: 1000 | R49: 525 | S49: 9 TILE FIXER | U49: 55 | V49: EACH
R50: 53 | S50: 5 PACK OF CEMENT
R51: 200 | S51: LABOUR
R52: 185 | S52: CEMENT
R53: 270 | S53: 6 TILE FIXER | U53: 45 | V53: EACH
R54: 200 | S54: LABOUR
R55: 50 | S55: LABOUR | T55: UKULINNGANYA FLOUR
R56: =SUM(R49:R55) -> 1483

Sheet 20
A1: Switch Power & Room temperature Log Sheet | BV1: ='19'!BV1:CC1+1 -> 46193
A2: Zesco Load Details | N2: DG Load Details | AF2: Ground Floor | BV2: First Floor | CA2: Second Floor | CB2: Load On | CC2: Shift Tech
AF3: Inverter Readings | BF3: Rectifier Readings | BN3: Temperature in Centigrade | BZ3: Condition
A4: Time | B4: Load On Grid in AMPs | E4: Grid Voltage Line to Line | H4: Grid frequency | I4: Grid Power Status ON/ OFF | J4: Grid Off Time | K4: Grid Restored Time | L4: Grid off Duration | M4: Site Load ( ZESCO Or Generator) in kw | N4: Load On DG in AMPs | Q4: DG Voltage Line to Line | T4: DG-1 Run Hrs | U4: DG 1 Battery Voltage | V4: Charged Status (Color) | W4: DG-2 Run Hrs | X4: DG 2 Battery Voltage | Y4: Charged Status (Color) | Z4: DG-3 Run Hrs | AA4: DG 3 Battery Voltage | AB4: Charged Status (Color) | AC4: DG-4 Run Hrs | AD4: DG 4 Battery Voltage | AE4: Charged Status (Color) | AF4: UPS1-POWER PLANT ROOM-1 | AS4: UPS2-POWER PLANT ROOM-2 | BF4: Rectifier 1 - Voltage / Amps | BI4: Used Percentage | BJ4: Rectifier 2 - Voltage / Amps | BM4: Used Percentage | BN4: Room-1 Server & IT | BP4: Media Room | BR4: Power Room-1 | BT4: Power Room-2 | BV4: Room-1 | BX4: Room-2 | BZ4: Work Station | CA4: FM 200 Panel / WDS/Vesda Status
B5: R | C5: Y | D5: B | E5: R | F5: Y | G5: B | H5: HZ | N5: R | O5: Y | P5: B | Q5: R | R5: Y | S5: B | AF5: Output Load KW | AG5: Used Capacity | AH5: Battery Charge % | AI5: Battery Voltage (V) | AJ5: Load Current-A ( A) | AK5: Load Current-B ( A) | AL5: Load Current-C ( A) | AM5: Load Phase -A % | AN5: Load Phase -B % | AO5: Load Phase -C % | AP5: Output Voltage-A ( V) | AQ5: Output Voltage-B ( V) | AR5: Output Voltage-C ( V) | AS5: Output Load KW | AT5: Used Capacity | AU5: Battery Charge % | AV5: Battery Voltage (V) | AW5: Load Current-A ( A) | AX5: Load Current-B ( A) | AY5: Load Current-C ( A) | AZ5: Load Phase -A % | BA5: Load Phase -B % | BB5: Load Phase -C % | BC5: Output Voltage-A ( V) | BD5: Output Voltage-B ( V) | BE5: Output Voltage-C ( V) | BF5: DC Volatge | BG5: Current | BH5: Battery charge status | BJ5: DC Volatge | BK5: Current | BL5: Battery charge status | BN5: Temp | BO5: Hum | BP5: Temp | BQ5: Hum | BR5: Temp | BS5: Hum | BT5: Temp | BU5: Hum | BV5: Temp | BW5: Hum | BX5: Temp | BY5: Hum
A6: 0
A7: 0.041666667
A8: 0.083333333
A9: 0.125
A10: 0.16666667
A11: 0.20833333
A12: 0.25
A13: 0.29166667
A14: 0.33333333
A15: 0.375
A16: 0.41666667
A17: 0.45833333
... A29: 0.95833333
B31: Average | C31: Maximum | L31: Average | M31: =AVERAGE(M6:M29) -> #DIV/0! | BE31: Average | BF31: =AVERAGE(BF6:BF29) -> #DIV/0! | BG31: =AVERAGE(BG6:BG29) -> #DIV/0! | BJ31: =AVERAGE(BJ6:BJ29) -> #DIV/0! | BK31: =AVERAGE(BK6:BK29) -> #DIV/0! | BN31: =AVERAGE(BN6:BN29) -> #DIV/0! | BO31: =MAX(BN6:BN29) -> 0 | BP31: =MIN(BN6:BN29) -> 0 | BQ31: =AVERAGE(BO6:BO29) -> #DIV/0! | BR31: =MAX(BO6:BO29) -> 0 | BS31: =MIN(BO6:BO29) -> 0
A32: UPS: | B32: =AF32+AS32 -> #DIV/0! | C32: =AF33+AS33 -> 0 | L32: Max | M32: =MAX(M6:M29) -> 0 | AE32: Avg | AF32: =AVERAGE(AF6:AF29) -> #DIV/0! | AR32: Avg | AS32: =AVERAGE(AS6:AS29) -> #DIV/0! | BE32: Max | BF32: =MAX(BF6:BF29) -> 0 | BG32: =MAX(BG6:BG29) -> 0 | BH32: =BF31*BG31 -> #DIV/0! | BJ32: =MAX(BJ6:BJ29) -> 0 | BK32: =MAX(BK6:BK29) -> 0 | BL32: =BJ31*BK31 -> #DIV/0!
A33: Rectifier: | B33: =(BH32+BL32)/1000 -> #DIV/0! | C33: =(BH33+BL33)/1000 -> 0 | AE33: Max | AF33: =MAX(AF6:AF29) -> 0 | AR33: Max | AS33: =MAX(AS6:AS29) -> 0 | BH33: =BF32*BG32 -> 0 | BL33: =BJ32*BK32 -> 0
A39: Technician signature | R39: Engineer signature
A45: DAILY DIARY
A46: Date | B46: Time | C46: Observations &Activities done on the duty

Sheet 21
A1: Switch Power & Room temperature Log Sheet | BV1: ='20'!BV1:CC1+1 -> 46194
A2: Zesco Load Details | N2: DG Load Details | AF2: Ground Floor | BV2: First Floor | CA2: Second Floor | CB2: Load On | CC2: Shift Tech
AF3: Inverter Readings | BF3: Rectifier Readings | BN3: Temperature in Centigrade | BZ3: Condition
A4: Time | B4: Load On Grid in AMPs | E4: Grid Voltage Line to Line | H4: Grid frequency | I4: Grid Power Status ON/ OFF | J4: Grid Off Time | K4: Grid Restored Time | L4: Grid off Duration | M4: Site Load ( ZESCO Or Generator) in kw | N4: Load On DG in AMPs | Q4: DG Voltage Line to Line | T4: DG-1 Run Hrs | U4: DG 1 Battery Voltage | V4: Charged Status (Color) | W4: DG-2 Run Hrs | X4: DG 2 Battery Voltage | Y4: Charged Status (Color) | Z4: DG-3 Run Hrs | AA4: DG 3 Battery Voltage | AB4: Charged Status (Color) | AC4: DG-4 Run Hrs | AD4: DG 4 Battery Voltage | AE4: Charged Status (Color) | AF4: UPS1-POWER PLANT ROOM-1 | AS4: UPS2-POWER PLANT ROOM-2 | BF4: Rectifier 1 - Voltage / Amps | BI4: Used Percentage | BJ4: Rectifier 2 - Voltage / Amps | BM4: Used Percentage | BN4: Room-1 Server & IT | BP4: Media Room | BR4: Power Room-1 | BT4: Power Room-2 | BV4: Room-1 | BX4: Room-2 | BZ4: Work Station | CA4: FM 200 Panel / WDS/Vesda Status
B5: R | C5: Y | D5: B | E5: R | F5: Y | G5: B | H5: HZ | N5: R | O5: Y | P5: B | Q5: R | R5: Y | S5: B | AF5: Output Load KW | AG5: Used Capacity | AH5: Battery Charge % | AI5: Battery Voltage (V) | AJ5: Load Current-A ( A) | AK5: Load Current-B ( A) | AL5: Load Current-C ( A) | AM5: Load Phase -A % | AN5: Load Phase -B % | AO5: Load Phase -C % | AP5: Output Voltage-A ( V) | AQ5: Output Voltage-B ( V) | AR5: Output Voltage-C ( V) | AS5: Output Load KW | AT5: Used Capacity | AU5: Battery Charge % | AV5: Battery Voltage (V) | AW5: Load Current-A ( A) | AX5: Load Current-B ( A) | AY5: Load Current-C ( A) | AZ5: Load Phase -A % | BA5: Load Phase -B % | BB5: Load Phase -C % | BC5: Output Voltage-A ( V) | BD5: Output Voltage-B ( V) | BE5: Output Voltage-C ( V) | BF5: DC Volatge | BG5: Current | BH5: Battery charge status | BJ5: DC Volatge | BK5: Current | BL5: Battery charge status | BN5: Temp | BO5: Hum | BP5: Temp | BQ5: Hum | BR5: Temp | BS5: Hum | BT5: Temp | BU5: Hum | BV5: Temp | BW5: Hum | BX5: Temp | BY5: Hum
A6: 0
A7: 0.041666667
A8: 0.083333333
A9: 0.125
A10: 0.16666667
A11: 0.20833333
A12: 0.25
A13: 0.29166667
A14: 0.33333333
A15: 0.375
A16: 0.41666667
A17: 0.45833333
... A29: 0.95833333
B31: Average | C31: Maximum | L31: Average | M31: =AVERAGE(M6:M29) -> #DIV/0! | BE31: Average | BF31: =AVERAGE(BF6:BF29) -> #DIV/0! | BG31: =AVERAGE(BG6:BG29) -> #DIV/0! | BJ31: =AVERAGE(BJ6:BJ29) -> #DIV/0! | BK31: =AVERAGE(BK6:BK29) -> #DIV/0! | BN31: =AVERAGE(BN6:BN29) -> #DIV/0! | BO31: =MAX(BN6:BN29) -> 0 | BP31: =MIN(BN6:BN29) -> 0 | BQ31: =AVERAGE(BO6:BO29) -> #DIV/0! | BR31: =MAX(BO6:BO29) -> 0 | BS31: =MIN(BO6:BO29) -> 0
A32: UPS: | B32: =AF32+AS32 -> #DIV/0! | C32: =AF33+AS33 -> 0 | L32: Max | M32: =MAX(M6:M29) -> 0 | AE32: Avg | AF32: =AVERAGE(AF6:AF29) -> #DIV/0! | AR32: Avg | AS32: =AVERAGE(AS6:AS29) -> #DIV/0! | BE32: Max | BF32: =MAX(BF6:BF29) -> 0 | BG32: =MAX(BG6:BG29) -> 0 | BH32: =BF31*BG31 -> #DIV/0! | BJ32: =MAX(BJ6:BJ29) -> 0 | BK32: =MAX(BK6:BK29) -> 0 | BL32: =BJ31*BK31 -> #DIV/0!
A33: Rectifier: | B33: =(BH32+BL32)/1000 -> #DIV/0! | C33: =(BH33+BL33)/1000 -> 0 | AE33: Max | AF33: =MAX(AF6:AF29) -> 0 | AR33: Max | AS33: =MAX(AS6:AS29) -> 0 | BH33: =BF32*BG32 -> 0 | BL33: =BJ32*BK32 -> 0
A39: Technician signature | R39: Engineer signature
A45: DAILY DIARY
A46: Date | B46: Time | C46: Observations &Activities done on the duty

Sheet 22
A1: Switch Power & Room temperature Log Sheet | BV1: ='21'!BV1:CC1+1 -> 46195
A2: Zesco Load Room | N2: DG Load Details | AF2: Ground Floor | BV2: First Floor | CA2: Second Floor | CB2: Load On | CC2: Shift Tech
AF3: Inverter Readings | BF3: Rectifier Readings | BN3: Temperature in Centigrade | BZ3: Condition
B4: LE | C4: LE | D4: LE | E4: LE | F4: LE | G4: LE | H4: LE | J4: LE | K4: LE | L4: LE | M4: LE | N4: LE | O4: LE | P4: LE | Q4: LE | R4: LE | S4: LE | T4: LE | U4: C | V4: C | W4: LE | X4: C | Y4: C | Z4: LE | AA4: C | AB4: C | AC4: LE | AD4: C | AE4: C | AF4: LE | AG4: LE | AH4: C | AI4: LE | AJ4: LE | AK4: LE | AL4: LE | AM4: LE | AN4: LE | AO4: LE | AP4: C | AQ4: C | AR4: C | AS4: LE | AT4: LE | AU4: LE | AV4: LE | AW4: LE | AX4: LE | AY4: LE | AZ4: LE | BA4: LE | BB4: LE | BC4: C | BD4: C | BE4: C | BF4: C | BG4: LE | BH4: C | BI4: LE | BJ4: C | BK4: LE | BL4: C | BM4: LE | BN4: LE | BO4: LE | BP4: LE | BQ4: LE | BR4: LE | BS4: LE | BT4: LE | BU4: LE | BV4: LE | BW4: LE | BX4: LE | BY4: LE | BZ4: C | CA4: C
A5: Time | B5: Load On Grid in AMPs | E5: Grid Voltage Line to Line | H5: Grid frequency | I5: Grid Power Status ON/ OFF | J5: Grid Off Time | K5: Grid Restored Time | L5: Grid off Duration | M5: Site Load ( ZESCO Or Generator) in kw | N5: Load On DG in AMPs | Q5: DG Voltage Line to Line | T5: DG-1 Run Hrs | U5: DG 1 Battery Voltage | V5: Charged Status (Color) | W5: DG-2 Run Hrs | X5: DG 2 Battery Voltage | Y5: Charged Status (Color) | Z5: DG-3 Run Hrs | AA5: DG 3 Battery Voltage | AB5: Charged Status (Color) | AC5: DG-4 Run Hrs | AD5: DG 4 Battery Voltage | AE5: Charged Status (Color) | AF5: UPS1-POWER PLANT ROOM-1 | AS5: UPS2-POWER PLANT ROOM-2 | BF5: Rectifier 1 - Voltage / Amps | BI5: Used Capacity | BJ5: Rectifier 2 - Voltage / Amps | BM5: Used Capacity | BN5: Server Room | BP5: Data Room | BR5: Power Room 1 | BT5: Power Room 2 | BV5: IT Room 1 | BX5: IT Room2 | BZ5: Work Station | CA5: FM 200 Panel / WDS/Vesda Status
B6: R | C6: Y | D6: B | E6: R | F6: Y | G6: B | H6: HZ | N6: R | O6: Y | P6: B | Q6: R | R6: Y | S6: B | AF6: Output Load KW | AG6: Used Capacity | AH6: Battery Charge % | AI6: Battery Voltage (V) | AJ6: Load Current-A ( A) | AK6: Load Current-B ( A) | AL6: Load Current-C ( A) | AM6: Load Phase -A % | AN6: Load Phase -B % | AO6: Load Phase -C % | AP6: Output Voltage-A ( V) | AQ6: Output Voltage-B ( V) | AR6: Output Voltage-C ( V) | AS6: Output Load KW | AT6: Used Capacity | AU6: Battery Charge % | AV6: Battery Voltage (V) | AW6: Load Current-A ( A) | AX6: Load Current-B ( A) | AY6: Load Current-C ( A) | AZ6: Load Phase -A % | BA6: Load Phase -B % | BB6: Load Phase -C % | BC6: Output Voltage-A ( V) | BD6: Output Voltage-B ( V) | BE6: Output Voltage-C ( V) | BF6: DC Voltage | BG6: Current | BH6: Battery charge status | BJ6: DC Voltage | BK6: Current | BL6: Battery charge status | BN6: Temp | BO6: Hum | BP6: Temp | BQ6: Hum | BR6: Temp | BS6: Hum | BT6: Temp | BU6: Hum | BV6: Temp | BW6: Hum | BX6: Temp | BY6: Hum
A7: 0
A8: 0.041666667
A9: 0.083333333
A10: 0.125
A11: 0.16666667
A12: 0.20833333
A13: 0.25
A14: 0.29166667
A15: 0.33333333
A16: 0.375
A17: 0.41666667
A18: 0.45833333
... A30: 0.95833333
B32: Average | C32: Maximum | L32: Average | M32: =AVERAGE(M7:M30) -> #DIV/0! | BE32: Average | BF32: =AVERAGE(BF7:BF30) -> #DIV/0! | BG32: =AVERAGE(BG7:BG30) -> #DIV/0! | BJ32: =AVERAGE(BJ7:BJ30) -> #DIV/0! | BK32: =AVERAGE(BK7:BK30) -> #DIV/0! | BN32: =AVERAGE(BN7:BN30) -> #DIV/0! | BO32: =MAX(BN7:BN30) -> 0 | BP32: =MIN(BN7:BN30) -> 0 | BQ32: =AVERAGE(BO7:BO30) -> #DIV/0! | BR32: =MAX(BO7:BO30) -> 0 | BS32: =MIN(BO7:BO30) -> 0
A33: UPS: | B33: =AF33+AS33 -> #DIV/0! | C33: =AF34+AS34 -> 0 | L33: Max | M33: =MAX(M7:M30) -> 0 | AE33: Avg | AF33: =AVERAGE(AF7:AF30) -> #DIV/0! | AR33: Avg | AS33: =AVERAGE(AS7:AS30) -> #DIV/0! | BE33: Max | BF33: =MAX(BF7:BF30) -> 0 | BG33: =MAX(BG7:BG30) -> 0 | BH33: =BF32*BG32 -> #DIV/0! | BJ33: =MAX(BJ7:BJ30) -> 0 | BK33: =MAX(BK7:BK30) -> 0 | BL33: =BJ32*BK32 -> #DIV/0!
A34: Rectifier: | B34: =(BH33+BL33)/1000 -> #DIV/0! | C34: =(BH34+BL34)/1000 -> 0 | AE34: Max | AF34: =MAX(AF7:AF30) -> 0 | AR34: Max | AS34: =MAX(AS7:AS30) -> 0 | BH34: =BF33*BG33 -> 0 | BL34: =BJ33*BK33 -> 0
A40: Technician signature | R40: Engineer signature
A46: DAILY DIARY
A47: Date | B47: Time | C47: Observations &Activities done on the duty

Sheet 23
A1: Switch Power & Room temperature Log Sheet | BV1: ='22'!BV1:CC1+1 -> 46196
A2: Zesco Load Details | N2: DG Load Details | AF2: Ground Floor | BV2: First Floor | CA2: Second Floor | CB2: Load On | CC2: Shift Tech
AF3: Inverter Readings | BF3: Rectifier Readings | BN3: Temperature in Centigrade | BZ3: Condition
A4: Time | B4: Load On Grid in AMPs | E4: Grid Voltage Line to Line | H4: Grid frequency | I4: Grid Power Status ON/ OFF | J4: Grid Off Time | K4: Grid Restored Time | L4: Grid off Duration | M4: Site Load ( ZESCO Or Generator) in kw | N4: Load On DG in AMPs | Q4: DG Voltage Line to Line | T4: DG-1 Run Hrs | U4: DG 1 Battery Voltage | V4: Charged Status (Color) | W4: DG-2 Run Hrs | X4: DG 2 Battery Voltage | Y4: Charged Status (Color) | Z4: DG-3 Run Hrs | AA4: DG 3 Battery Voltage | AB4: Charged Status (Color) | AC4: DG-4 Run Hrs | AD4: DG 4 Battery Voltage | AE4: Charged Status (Color) | AF4: UPS1-POWER PLANT ROOM-1 | AS4: UPS2-POWER PLANT ROOM-2 | BF4: Rectifier 1 - Voltage / Amps | BI4: Used Percentage | BJ4: Rectifier 2 - Voltage / Amps | BM4: Used Percentage | BN4: Room-1 Server & IT | BP4: Media Room | BR4: Power Room-1 | BT4: Power Room-2 | BV4: Room-1 | BX4: Room-2 | BZ4: Work Station | CA4: FM 200 Panel / WDS/Vesda Status
B5: R | C5: Y | D5: B | E5: R | F5: Y | G5: B | H5: HZ | N5: R | O5: Y | P5: B | Q5: R | R5: Y | S5: B | AF5: Output Load KW | AG5: Used Capacity | AH5: Battery Charge % | AI5: Battery Voltage (V) | AJ5: Load Current-A ( A) | AK5: Load Current-B ( A) | AL5: Load Current-C ( A) | AM5: Load Phase -A % | AN5: Load Phase -B % | AO5: Load Phase -C % | AP5: Output Voltage-A ( V) | AQ5: Output Voltage-B ( V) | AR5: Output Voltage-C ( V) | AS5: Output Load KW | AT5: Used Capacity | AU5: Battery Charge % | AV5: Battery Voltage (V) | AW5: Load Current-A ( A) | AX5: Load Current-B ( A) | AY5: Load Current-C ( A) | AZ5: Load Phase -A % | BA5: Load Phase -B % | BB5: Load Phase -C % | BC5: Output Voltage-A ( V) | BD5: Output Voltage-B ( V) | BE5: Output Voltage-C ( V) | BF5: DC Volatge | BG5: Current | BH5: Battery charge status | BJ5: DC Volatge | BK5: Current | BL5: Battery charge status | BN5: Temp | BO5: Hum | BP5: Temp | BQ5: Hum | BR5: Temp | BS5: Hum | BT5: Temp | BU5: Hum | BV5: Temp | BW5: Hum | BX5: Temp | BY5: Hum
A6: 0
A7: 0.041666667
A8: 0.083333333
A9: 0.125
A10: 0.16666667
A11: 0.20833333
A12: 0.25
A13: 0.29166667
A14: 0.33333333
A15: 0.375
A16: 0.41666667
A17: 0.45833333
... A29: 0.95833333
B31: Average | C31: Maximum | L31: Average | M31: =AVERAGE(M6:M29) -> #DIV/0! | BE31: Average | BF31: =AVERAGE(BF6:BF29) -> #DIV/0! | BG31: =AVERAGE(BG6:BG29) -> #DIV/0! | BJ31: =AVERAGE(BJ6:BJ29) -> #DIV/0! | BK31: =AVERAGE(BK6:BK29) -> #DIV/0! | BN31: =AVERAGE(BN6:BN29) -> #DIV/0! | BO31: =MAX(BN6:BN29) -> 0 | BP31: =MIN(BN6:BN29) -> 0 | BQ31: =AVERAGE(BO6:BO29) -> #DIV/0! | BR31: =MAX(BO6:BO29) -> 0 | BS31: =MIN(BO6:BO29) -> 0
A32: UPS: | B32: =AF32+AS32 -> #DIV/0! | C32: =AF33+AS33 -> 0 | L32: Max | M32: =MAX(M6:M29) -> 0 | AE32: Avg | AF32: =AVERAGE(AF6:AF29) -> #DIV/0! | AR32: Avg | AS32: =AVERAGE(AS6:AS29) -> #DIV/0! | BE32: Max | BF32: =MAX(BF6:BF29) -> 0 | BG32: =MAX(BG6:BG29) -> 0 | BH32: =BF31*BG31 -> #DIV/0! | BJ32: =MAX(BJ6:BJ29) -> 0 | BK32: =MAX(BK6:BK29) -> 0 | BL32: =BJ31*BK31 -> #DIV/0!
A33: Rectifier: | B33: =(BH32+BL32)/1000 -> #DIV/0! | C33: =(BH33+BL33)/1000 -> 0 | AE33: Max | AF33: =MAX(AF6:AF29) -> 0 | AR33: Max | AS33: =MAX(AS6:AS29) -> 0 | BH33: =BF32*BG32 -> 0 | BL33: =BJ32*BK32 -> 0
A39: Technician signature | R39: Engineer signature
A45: DAILY DIARY
A46: Date | B46: Time | C46: Observations &Activities done on the duty

Sheet 24
A1: Switch Power & Room temperature Log Sheet | BV1: ='23'!BV1:CC1+1 -> 46197
A2: Zesco Load Details | N2: DG Load Details | AF2: Ground Floor | BV2: First Floor | CA2: Second Floor | CB2: Load On | CC2: Shift Tech
AF3: Inverter Readings | BF3: Rectifier Readings | BN3: Temperature in Centigrade | BZ3: Condition
A4: Time | B4: Load On Grid in AMPs | E4: Grid Voltage Line to Line | H4: Grid frequency | I4: Grid Power Status ON/ OFF | J4: Grid Off Time | K4: Grid Restored Time | L4: Grid off Duration | M4: Site Load ( ZESCO Or Generator) in kw | N4: Load On DG in AMPs | Q4: DG Voltage Line to Line | T4: DG-1 Run Hrs | U4: DG 1 Battery Voltage | V4: Charged Status (Color) | W4: DG-2 Run Hrs | X4: DG 2 Battery Voltage | Y4: Charged Status (Color) | Z4: DG-3 Run Hrs | AA4: DG 3 Battery Voltage | AB4: Charged Status (Color) | AC4: DG-4 Run Hrs | AD4: DG 4 Battery Voltage | AE4: Charged Status (Color) | AF4: UPS1-POWER PLANT ROOM-1 | AS4: UPS2-POWER PLANT ROOM-2 | BF4: Rectifier 1 - Voltage / Amps | BI4: Used Percentage | BJ4: Rectifier 2 - Voltage / Amps | BM4: Used Percentage | BN4: Room-1 Server & IT | BP4: Media Room | BR4: Power Room-1 | BT4: Power Room-2 | BV4: Room-1 | BX4: Room-2 | BZ4: Work Station | CA4: FM 200 Panel / WDS/Vesda Status
B5: R | C5: Y | D5: B | E5: R | F5: Y | G5: B | H5: HZ | N5: R | O5: Y | P5: B | Q5: R | R5: Y | S5: B | AF5: Output Load KW | AG5: Used Capacity | AH5: Battery Charge % | AI5: Battery Voltage (V) | AJ5: Load Current-A ( A) | AK5: Load Current-B ( A) | AL5: Load Current-C ( A) | AM5: Load Phase -A % | AN5: Load Phase -B % | AO5: Load Phase -C % | AP5: Output Voltage-A ( V) | AQ5: Output Voltage-B ( V) | AR5: Output Voltage-C ( V) | AS5: Output Load KW | AT5: Used Capacity | AU5: Battery Charge % | AV5: Battery Voltage (V) | AW5: Load Current-A ( A) | AX5: Load Current-B ( A) | AY5: Load Current-C ( A) | AZ5: Load Phase -A % | BA5: Load Phase -B % | BB5: Load Phase -C % | BC5: Output Voltage-A ( V) | BD5: Output Voltage-B ( V) | BE5: Output Voltage-C ( V) | BF5: DC Volatge | BG5: Current | BH5: Battery charge status | BJ5: DC Volatge | BK5: Current | BL5: Battery charge status | BN5: Temp | BO5: Hum | BP5: Temp | BQ5: Hum | BR5: Temp | BS5: Hum | BT5: Temp | BU5: Hum | BV5: Temp | BW5: Hum | BX5: Temp | BY5: Hum
A6: 0
A7: 0.041666667
A8: 0.083333333
A9: 0.125
A10: 0.16666667
A11: 0.20833333
A12: 0.25
A13: 0.29166667
A14: 0.33333333
A15: 0.375
A16: 0.41666667
A17: 0.45833333
... A29: 0.95833333
B31: Average | C31: Maximum | L31: Average | M31: =AVERAGE(M6:M29) -> #DIV/0! | BE31: Average | BF31: =AVERAGE(BF6:BF29) -> #DIV/0! | BG31: =AVERAGE(BG6:BG29) -> #DIV/0! | BJ31: =AVERAGE(BJ6:BJ29) -> #DIV/0! | BK31: =AVERAGE(BK6:BK29) -> #DIV/0! | BN31: =AVERAGE(BN6:BN29) -> #DIV/0! | BO31: =MAX(BN6:BN29) -> 0 | BP31: =MIN(BN6:BN29) -> 0 | BQ31: =AVERAGE(BO6:BO29) -> #DIV/0! | BR31: =MAX(BO6:BO29) -> 0 | BS31: =MIN(BO6:BO29) -> 0
A32: UPS: | B32: =AF32+AS32 -> #DIV/0! | C32: =AF33+AS33 -> 0 | L32: Max | M32: =MAX(M6:M29) -> 0 | AE32: Avg | AF32: =AVERAGE(AF6:AF29) -> #DIV/0! | AR32: Avg | AS32: =AVERAGE(AS6:AS29) -> #DIV/0! | BE32: Max | BF32: =MAX(BF6:BF29) -> 0 | BG32: =MAX(BG6:BG29) -> 0 | BH32: =BF31*BG31 -> #DIV/0! | BJ32: =MAX(BJ6:BJ29) -> 0 | BK32: =MAX(BK6:BK29) -> 0 | BL32: =BJ31*BK31 -> #DIV/0!
A33: Rectifier: | B33: =(BH32+BL32)/1000 -> #DIV/0! | C33: =(BH33+BL33)/1000 -> 0 | AE33: Max | AF33: =MAX(AF6:AF29) -> 0 | AR33: Max | AS33: =MAX(AS6:AS29) -> 0 | BH33: =BF32*BG32 -> 0 | BL33: =BJ32*BK32 -> 0
A39: Technician signature | R39: Engineer signature
A45: DAILY DIARY
A46: Date | B46: Time | C46: Observations &Activities done on the duty

Sheet 25
A1: Switch Power & Room temperature Log Sheet | BV1: ='24'!BV1:CC1+1 -> 46198
A2: Zesco Load Details | N2: DG Load Details | AF2: Ground Floor | BV2: First Floor | CA2: Second Floor | CB2: Load On | CC2: Shift Tech
AF3: Inverter Readings | BF3: Rectifier Readings | BN3: Temperature in Centigrade | BZ3: Condition
A4: Time | B4: Load On Grid in AMPs | E4: Grid Voltage Line to Line | H4: Grid frequency | I4: Grid Power Status ON/ OFF | J4: Grid Off Time | K4: Grid Restored Time | L4: Grid off Duration | M4: Site Load ( ZESCO Or Generator) in kw | N4: Load On DG in AMPs | Q4: DG Voltage Line to Line | T4: DG-1 Run Hrs | U4: DG 1 Battery Voltage | V4: Charged Status (Color) | W4: DG-2 Run Hrs | X4: DG 2 Battery Voltage | Y4: Charged Status (Color) | Z4: DG-3 Run Hrs | AA4: DG 3 Battery Voltage | AB4: Charged Status (Color) | AC4: DG-4 Run Hrs | AD4: DG 4 Battery Voltage | AE4: Charged Status (Color) | AF4: UPS1-POWER PLANT ROOM-1 | AS4: UPS2-POWER PLANT ROOM-2 | BF4: Rectifier 1 - Voltage / Amps | BI4: Used Percentage | BJ4: Rectifier 2 - Voltage / Amps | BM4: Used Percentage | BN4: Room-1 Server & IT | BP4: Media Room | BR4: Power Room-1 | BT4: Power Room-2 | BV4: Room-1 | BX4: Room-2 | BZ4: Work Station | CA4: FM 200 Panel / WDS/Vesda Status
B5: R | C5: Y | D5: B | E5: R | F5: Y | G5: B | H5: HZ | N5: R | O5: Y | P5: B | Q5: R | R5: Y | S5: B | AF5: Output Load KW | AG5: Used Capacity | AH5: Battery Charge % | AI5: Battery Voltage (V) | AJ5: Load Current-A ( A) | AK5: Load Current-B ( A) | AL5: Load Current-C ( A) | AM5: Load Phase -A % | AN5: Load Phase -B % | AO5: Load Phase -C % | AP5: Output Voltage-A ( V) | AQ5: Output Voltage-B ( V) | AR5: Output Voltage-C ( V) | AS5: Output Load KW | AT5: Used Capacity | AU5: Battery Charge % | AV5: Battery Voltage (V) | AW5: Load Current-A ( A) | AX5: Load Current-B ( A) | AY5: Load Current-C ( A) | AZ5: Load Phase -A % | BA5: Load Phase -B % | BB5: Load Phase -C % | BC5: Output Voltage-A ( V) | BD5: Output Voltage-B ( V) | BE5: Output Voltage-C ( V) | BF5: DC Volatge | BG5: Current | BH5: Battery charge status | BJ5: DC Volatge | BK5: Current | BL5: Battery charge status | BN5: Temp | BO5: Hum | BP5: Temp | BQ5: Hum | BR5: Temp | BS5: Hum | BT5: Temp | BU5: Hum | BV5: Temp | BW5: Hum | BX5: Temp | BY5: Hum
A6: 0
A7: 0.041666667
A8: 0.083333333
A9: 0.125
A10: 0.16666667
A11: 0.20833333
A12: 0.25
A13: 0.29166667
A14: 0.33333333
A15: 0.375
A16: 0.41666667
A17: 0.45833333
... A29: 0.95833333
B31: Average | C31: Maximum | L31: Average | M31: =AVERAGE(M6:M29) -> #DIV/0! | BE31: Average | BF31: =AVERAGE(BF6:BF29) -> #DIV/0! | BG31: =AVERAGE(BG6:BG29) -> #DIV/0! | BJ31: =AVERAGE(BJ6:BJ29) -> #DIV/0! | BK31: =AVERAGE(BK6:BK29) -> #DIV/0! | BN31: =AVERAGE(BN6:BN29) -> #DIV/0! | BO31: =MAX(BN6:BN29) -> 0 | BP31: =MIN(BN6:BN29) -> 0 | BQ31: =AVERAGE(BO6:BO29) -> #DIV/0! | BR31: =MAX(BO6:BO29) -> 0 | BS31: =MIN(BO6:BO29) -> 0
A32: UPS: | B32: =AF32+AS32 -> #DIV/0! | C32: =AF33+AS33 -> 0 | L32: Max | M32: =MAX(M6:M29) -> 0 | AE32: Avg | AF32: =AVERAGE(AF6:AF29) -> #DIV/0! | AR32: Avg | AS32: =AVERAGE(AS6:AS29) -> #DIV/0! | BE32: Max | BF32: =MAX(BF6:BF29) -> 0 | BG32: =MAX(BG6:BG29) -> 0 | BH32: =BF31*BG31 -> #DIV/0! | BJ32: =MAX(BJ6:BJ29) -> 0 | BK32: =MAX(BK6:BK29) -> 0 | BL32: =BJ31*BK31 -> #DIV/0!
A33: Rectifier: | B33: =(BH32+BL32)/1000 -> #DIV/0! | C33: =(BH33+BL33)/1000 -> 0 | AE33: Max | AF33: =MAX(AF6:AF29) -> 0 | AR33: Max | AS33: =MAX(AS6:AS29) -> 0 | BH33: =BF32*BG32 -> 0 | BL33: =BJ32*BK32 -> 0
A39: Technician signature | R39: Engineer signature
A45: DAILY DIARY
A46: Date | B46: Time | C46: Observations &Activities done on the duty

Sheet 26
A1: Switch Power & Room temperature Log Sheet | BV1: ='25'!BV1:CC1+1 -> 46199
A2: Zesco Load Details | N2: DG Load Details | AF2: Ground Floor | BV2: First Floor | CA2: Second Floor | CB2: Load On | CC2: Shift Tech
AF3: Inverter Readings | BF3: Rectifier Readings | BN3: Temperature in Centigrade | BZ3: Condition
A4: Time | B4: Load On Grid in AMPs | E4: Grid Voltage Line to Line | H4: Grid frequency | I4: Grid Power Status ON/ OFF | J4: Grid Off Time | K4: Grid Restored Time | L4: Grid off Duration | M4: Site Load ( ZESCO Or Generator) in kw | N4: Load On DG in AMPs | Q4: DG Voltage Line to Line | T4: DG-1 Run Hrs | U4: DG 1 Battery Voltage | V4: Charged Status (Color) | W4: DG-2 Run Hrs | X4: DG 2 Battery Voltage | Y4: Charged Status (Color) | Z4: DG-3 Run Hrs | AA4: DG 3 Battery Voltage | AB4: Charged Status (Color) | AC4: DG-4 Run Hrs | AD4: DG 4 Battery Voltage | AE4: Charged Status (Color) | AF4: UPS1-POWER PLANT ROOM-1 | AS4: UPS2-POWER PLANT ROOM-2 | BF4: Rectifier 1 - Voltage / Amps | BI4: Used Percentage | BJ4: Rectifier 2 - Voltage / Amps | BM4: Used Percentage | BN4: Room-1 Server & IT | BP4: Media Room | BR4: Power Room-1 | BT4: Power Room-2 | BV4: Room-1 | BX4: Room-2 | BZ4: Work Station | CA4: FM 200 Panel / WDS/Vesda Status
B5: R | C5: Y | D5: B | E5: R | F5: Y | G5: B | H5: HZ | N5: R | O5: Y | P5: B | Q5: R | R5: Y | S5: B | AF5: Output Load KW | AG5: Used Capacity | AH5: Battery Charge % | AI5: Battery Voltage (V) | AJ5: Load Current-A ( A) | AK5: Load Current-B ( A) | AL5: Load Current-C ( A) | AM5: Load Phase -A % | AN5: Load Phase -B % | AO5: Load Phase -C % | AP5: Output Voltage-A ( V) | AQ5: Output Voltage-B ( V) | AR5: Output Voltage-C ( V) | AS5: Output Load KW | AT5: Used Capacity | AU5: Battery Charge % | AV5: Battery Voltage (V) | AW5: Load Current-A ( A) | AX5: Load Current-B ( A) | AY5: Load Current-C ( A) | AZ5: Load Phase -A % | BA5: Load Phase -B % | BB5: Load Phase -C % | BC5: Output Voltage-A ( V) | BD5: Output Voltage-B ( V) | BE5: Output Voltage-C ( V) | BF5: DC Volatge | BG5: Current | BH5: Battery charge status | BJ5: DC Volatge | BK5: Current | BL5: Battery charge status | BN5: Temp | BO5: Hum | BP5: Temp | BQ5: Hum | BR5: Temp | BS5: Hum | BT5: Temp | BU5: Hum | BV5: Temp | BW5: Hum | BX5: Temp | BY5: Hum
A6: 0 | I6: ON | J6: 0 | K6: 0 | L6: 0 | N6: 0
A7: 0.041666667 | I7: ON | J7: 0 | K7: 0 | L7: 0 | N7: 0
A8: 0.083333333 | I8: ON | J8: 0 | K8: 0 | L8: 0 | N8: 0
A9: 0.125 | I9: ON | J9: 0 | K9: 0 | L9: 0 | N9: 0
A10: 0.16666667 | I10: ON | J10: 0 | K10: 0 | L10: 0 | N10: 0
A11: 0.20833333 | I11: ON | J11: 0 | K11: 0 | L11: 0 | N11: 0
A12: 0.25 | I12: ON | J12: 0 | K12: 0 | L12: 0 | N12: 0
A13: 0.29166667 | I13: ON | J13: 0 | K13: 0 | L13: 0 | N13: 0
A14: 0.33333333 | I14: ON | J14: 0 | K14: 0 | L14: 0 | N14: 0
A15: 0.375 | I15: ON | J15: 0 | K15: 0 | L15: 0 | N15: 0
A16: 0.41666667 | I16: ON | J16: 0 | K16: 0 | L16: 0 | N16: 0
A17: 0.45833333 | I17: ON | J17: 0 | K17: 0 | L17: 0 | N17: 0
... A29: 0.95833333 | I29: ON | J29: 0 | K29: 0 | L29: 0 | N29: 0
B31: Average | C31: Maximum | L31: Average | M31: =AVERAGE(M6:M29) -> #DIV/0! | BE31: Average | BF31: =AVERAGE(BF6:BF29) -> #DIV/0! | BG31: =AVERAGE(BG6:BG29) -> #DIV/0! | BJ31: =AVERAGE(BJ6:BJ29) -> #DIV/0! | BK31: =AVERAGE(BK6:BK29) -> #DIV/0! | BN31: =AVERAGE(BN6:BN29) -> #DIV/0! | BO31: =MAX(BN6:BN29) -> 0 | BP31: =MIN(BN6:BN29) -> 0 | BQ31: =AVERAGE(BO6:BO29) -> #DIV/0! | BR31: =MAX(BO6:BO29) -> 0 | BS31: =MIN(BO6:BO29) -> 0
A32: UPS: | B32: =AF32+AS32 -> #DIV/0! | C32: =AF33+AS33 -> 0 | L32: Max | M32: =MAX(M6:M29) -> 0 | AE32: Avg | AF32: =AVERAGE(AF6:AF29) -> #DIV/0! | AR32: Avg | AS32: =AVERAGE(AS6:AS29) -> #DIV/0! | BE32: Max | BF32: =MAX(BF6:BF29) -> 0 | BG32: =MAX(BG6:BG29) -> 0 | BH32: =BF31*BG31 -> #DIV/0! | BJ32: =MAX(BJ6:BJ29) -> 0 | BK32: =MAX(BK6:BK29) -> 0 | BL32: =BJ31*BK31 -> #DIV/0!
A33: Rectifier: | B33: =(BH32+BL32)/1000 -> #DIV/0! | C33: =(BH33+BL33)/1000 -> 0 | AE33: Max | AF33: =MAX(AF6:AF29) -> 0 | AR33: Max | AS33: =MAX(AS6:AS29) -> 0 | BH33: =BF32*BG32 -> 0 | BL33: =BJ32*BK32 -> 0
A39: Technician signature | R39: Engineer signature
A45: DAILY DIARY
A46: Date | B46: Time | C46: Observations &Activities done on the duty

Sheet 27
A1: Switch Power & Room temperature Log Sheet | BV1: ='26'!BV1:CC1+1 -> 46200
A2: Zesco Load Details | N2: DG Load Details | AF2: Ground Floor | BV2: First Floor | CA2: Second Floor | CB2: Load On | CC2: Shift Tech
AF3: Inverter Readings | BF3: Rectifier Readings | BN3: Temperature in Centigrade | BZ3: Condition
A4: Time | B4: Load On Grid in AMPs | E4: Grid Voltage Line to Line | H4: Grid frequency | I4: Grid Power Status ON/ OFF | J4: Grid Off Time | K4: Grid Restored Time | L4: Grid off Duration | M4: Site Load ( ZESCO Or Generator) in kw | N4: Load On DG in AMPs | Q4: DG Voltage Line to Line | T4: DG-1 Run Hrs | U4: DG 1 Battery Voltage | V4: Charged Status (Color) | W4: DG-2 Run Hrs | X4: DG 2 Battery Voltage | Y4: Charged Status (Color) | Z4: DG-3 Run Hrs | AA4: DG 3 Battery Voltage | AB4: Charged Status (Color) | AC4: DG-4 Run Hrs | AD4: DG 4 Battery Voltage | AE4: Charged Status (Color) | AF4: UPS1-POWER PLANT ROOM-1 | AS4: UPS2-POWER PLANT ROOM-2 | BF4: Rectifier 1 - Voltage / Amps | BI4: Used Percentage | BJ4: Rectifier 2 - Voltage / Amps | BM4: Used Percentage | BN4: Room-1 Server & IT | BP4: Media Room | BR4: Power Room-1 | BT4: Power Room-2 | BV4: Room-1 | BX4: Room-2 | BZ4: Work Station | CA4: FM 200 Panel / WDS/Vesda Status
B5: R | C5: Y | D5: B | E5: R | F5: Y | G5: B | H5: HZ | N5: R | O5: Y | P5: B | Q5: R | R5: Y | S5: B | AF5: Output Load KW | AG5: Used Capacity | AH5: Battery Charge % | AI5: Battery Voltage (V) | AJ5: Load Current-A ( A) | AK5: Load Current-B ( A) | AL5: Load Current-C ( A) | AM5: Load Phase -A % | AN5: Load Phase -B % | AO5: Load Phase -C % | AP5: Output Voltage-A ( V) | AQ5: Output Voltage-B ( V) | AR5: Output Voltage-C ( V) | AS5: Output Load KW | AT5: Used Capacity | AU5: Battery Charge % | AV5: Battery Voltage (V) | AW5: Load Current-A ( A) | AX5: Load Current-B ( A) | AY5: Load Current-C ( A) | AZ5: Load Phase -A % | BA5: Load Phase -B % | BB5: Load Phase -C % | BC5: Output Voltage-A ( V) | BD5: Output Voltage-B ( V) | BE5: Output Voltage-C ( V) | BF5: DC Volatge | BG5: Current | BH5: Battery charge status | BJ5: DC Volatge | BK5: Current | BL5: Battery charge status | BN5: Temp | BO5: Hum | BP5: Temp | BQ5: Hum | BR5: Temp | BS5: Hum | BT5: Temp | BU5: Hum | BV5: Temp | BW5: Hum | BX5: Temp | BY5: Hum
A6: 0
A7: 0.041666667
A8: 0.083333333
A9: 0.125
A10: 0.16666667
A11: 0.20833333
A12: 0.25
A13: 0.29166667
A14: 0.33333333
A15: 0.375
A16: 0.41666667
A17: 0.45833333
... A29: 0.95833333
B31: Average | C31: Maximum | L31: Average | M31: =AVERAGE(M6:M29) -> #DIV/0! | BE31: Average | BF31: =AVERAGE(BF6:BF29) -> #DIV/0! | BG31: =AVERAGE(BG6:BG29) -> #DIV/0! | BJ31: =AVERAGE(BJ6:BJ29) -> #DIV/0! | BK31: =AVERAGE(BK6:BK29) -> #DIV/0! | BN31: =AVERAGE(BN6:BN29) -> #DIV/0! | BO31: =MAX(BN6:BN29) -> 0 | BP31: =MIN(BN6:BN29) -> 0 | BQ31: =AVERAGE(BO6:BO29) -> #DIV/0! | BR31: =MAX(BO6:BO29) -> 0 | BS31: =MIN(BO6:BO29) -> 0
A32: UPS: | B32: =AF32+AS32 -> #DIV/0! | C32: =AF33+AS33 -> 0 | L32: Max | M32: =MAX(M6:M29) -> 0 | AE32: Avg | AF32: =AVERAGE(AF6:AF29) -> #DIV/0! | AR32: Avg | AS32: =AVERAGE(AS6:AS29) -> #DIV/0! | BE32: Max | BF32: =MAX(BF6:BF29) -> 0 | BG32: =MAX(BG6:BG29) -> 0 | BH32: =BF31*BG31 -> #DIV/0! | BJ32: =MAX(BJ6:BJ29) -> 0 | BK32: =MAX(BK6:BK29) -> 0 | BL32: =BJ31*BK31 -> #DIV/0!
A33: Rectifier: | B33: =(BH32+BL32)/1000 -> #DIV/0! | C33: =(BH33+BL33)/1000 -> 0 | AE33: Max | AF33: =MAX(AF6:AF29) -> 0 | AR33: Max | AS33: =MAX(AS6:AS29) -> 0 | BH33: =BF32*BG32 -> 0 | BL33: =BJ32*BK32 -> 0
A39: Technician signature | R39: Engineer signature
A45: DAILY DIARY
A46: Date | B46: Time | C46: Observations &Activities done on the duty

Sheet 28
A1: Switch Power & Room temperature Log Sheet | BV1: ='27'!BV1:CC1+1 -> 46201
A2: Zesco Load Details | N2: DG Load Details | AF2: Ground Floor | BV2: First Floor | CA2: Second Floor | CB2: Load On | CC2: Shift Tech
AF3: Inverter Readings | BF3: Rectifier Readings | BN3: Temperature in Centigrade | BZ3: Condition
A4: Time | B4: Load On Grid in AMPs | E4: Grid Voltage Line to Line | H4: Grid frequency | I4: Grid Power Status ON/ OFF | J4: Grid Off Time | K4: Grid Restored Time | L4: Grid off Duration | M4: Site Load ( ZESCO Or Generator) in kw | N4: Load On DG in AMPs | Q4: DG Voltage Line to Line | T4: DG-1 Run Hrs | U4: DG 1 Battery Voltage | V4: Charged Status (Color) | W4: DG-2 Run Hrs | X4: DG 2 Battery Voltage | Y4: Charged Status (Color) | Z4: DG-3 Run Hrs | AA4: DG 3 Battery Voltage | AB4: Charged Status (Color) | AC4: DG-4 Run Hrs | AD4: DG 4 Battery Voltage | AE4: Charged Status (Color) | AF4: UPS1-POWER PLANT ROOM-1 | AS4: UPS2-POWER PLANT ROOM-2 | BF4: Rectifier 1 - Voltage / Amps | BI4: Used Percentage | BJ4: Rectifier 2 - Voltage / Amps | BM4: Used Percentage | BN4: Room-1 Server & IT | BP4: Media Room | BR4: Power Room-1 | BT4: Power Room-2 | BV4: Room-1 | BX4: Room-2 | BZ4: Work Station | CA4: FM 200 Panel / WDS/Vesda Status
B5: R | C5: Y | D5: B | E5: R | F5: Y | G5: B | H5: HZ | N5: R | O5: Y | P5: B | Q5: R | R5: Y | S5: B | AF5: Output Load KW | AG5: Used Capacity | AH5: Battery Charge % | AI5: Battery Voltage (V) | AJ5: Load Current-A ( A) | AK5: Load Current-B ( A) | AL5: Load Current-C ( A) | AM5: Load Phase -A % | AN5: Load Phase -B % | AO5: Load Phase -C % | AP5: Output Voltage-A ( V) | AQ5: Output Voltage-B ( V) | AR5: Output Voltage-C ( V) | AS5: Output Load KW | AT5: Used Capacity | AU5: Battery Charge % | AV5: Battery Voltage (V) | AW5: Load Current-A ( A) | AX5: Load Current-B ( A) | AY5: Load Current-C ( A) | AZ5: Load Phase -A % | BA5: Load Phase -B % | BB5: Load Phase -C % | BC5: Output Voltage-A ( V) | BD5: Output Voltage-B ( V) | BE5: Output Voltage-C ( V) | BF5: DC Volatge | BG5: Current | BH5: Battery charge status | BJ5: DC Volatge | BK5: Current | BL5: Battery charge status | BN5: Temp | BO5: Hum | BP5: Temp | BQ5: Hum | BR5: Temp | BS5: Hum | BT5: Temp | BU5: Hum | BV5: Temp | BW5: Hum | BX5: Temp | BY5: Hum
A6: 0
A7: 0.041666667
A8: 0.083333333
A9: 0.125
A10: 0.16666667
A11: 0.20833333
A12: 0.25
A13: 0.29166667
A14: 0.33333333
A15: 0.375
A16: 0.41666667
A17: 0.45833333
... A29: 0.95833333
B31: Average | C31: Maximum | L31: Average | M31: =AVERAGE(M6:M29) -> #DIV/0! | BE31: Average | BF31: =AVERAGE(BF6:BF29) -> #DIV/0! | BG31: =AVERAGE(BG6:BG29) -> #DIV/0! | BJ31: =AVERAGE(BJ6:BJ29) -> #DIV/0! | BK31: =AVERAGE(BK6:BK29) -> #DIV/0! | BN31: =AVERAGE(BN6:BN29) -> #DIV/0! | BO31: =MAX(BN6:BN29) -> 0 | BP31: =MIN(BN6:BN29) -> 0 | BQ31: =AVERAGE(BO6:BO29) -> #DIV/0! | BR31: =MAX(BO6:BO29) -> 0 | BS31: =MIN(BO6:BO29) -> 0
A32: UPS: | B32: =AF32+AS32 -> #DIV/0! | C32: =AF33+AS33 -> 0 | L32: Max | M32: =MAX(M6:M29) -> 0 | AE32: Avg | AF32: =AVERAGE(AF6:AF29) -> #DIV/0! | AR32: Avg | AS32: =AVERAGE(AS6:AS29) -> #DIV/0! | BE32: Max | BF32: =MAX(BF6:BF29) -> 0 | BG32: =MAX(BG6:BG29) -> 0 | BH32: =BF31*BG31 -> #DIV/0! | BJ32: =MAX(BJ6:BJ29) -> 0 | BK32: =MAX(BK6:BK29) -> 0 | BL32: =BJ31*BK31 -> #DIV/0!
A33: Rectifier: | B33: =(BH32+BL32)/1000 -> #DIV/0! | C33: =(BH33+BL33)/1000 -> 0 | AE33: Max | AF33: =MAX(AF6:AF29) -> 0 | AR33: Max | AS33: =MAX(AS6:AS29) -> 0 | BH33: =BF32*BG32 -> 0 | BL33: =BJ32*BK32 -> 0
A39: Technician signature | R39: Engineer signature
A45: DAILY DIARY
A46: Date | B46: Time | C46: Observations &Activities done on the duty

Sheet 29
A1: Switch Power & Room temperature Log Sheet | BV1: ='28'!BV1:CC1+1 -> 46202
A2: Zesco Load Details | N2: DG Load Details | AF2: Ground Floor | BV2: First Floor | CA2: Second Floor | CB2: Load On | CC2: Shift Tech
AF3: Inverter Readings | BF3: Rectifier Readings | BN3: Temperature in Centigrade | BZ3: Condition
A4: Time | B4: Load On Grid in AMPs | E4: Grid Voltage Line to Line | H4: Grid frequency | I4: Grid Power Status ON/ OFF | J4: Grid Off Time | K4: Grid Restored Time | L4: Grid off Duration | M4: Site Load ( ZESCO Or Generator) in kw | N4: Load On DG in AMPs | Q4: DG Voltage Line to Line | T4: DG-1 Run Hrs | U4: DG 1 Battery Voltage | V4: Charged Status (Color) | W4: DG-2 Run Hrs | X4: DG 2 Battery Voltage | Y4: Charged Status (Color) | Z4: DG-3 Run Hrs | AA4: DG 3 Battery Voltage | AB4: Charged Status (Color) | AC4: DG-4 Run Hrs | AD4: DG 4 Battery Voltage | AE4: Charged Status (Color) | AF4: UPS1-POWER PLANT ROOM-1 | AS4: UPS2-POWER PLANT ROOM-2 | BF4: Rectifier 1 - Voltage / Amps | BI4: Used Percentage | BJ4: Rectifier 2 - Voltage / Amps | BM4: Used Percentage | BN4: Room-1 Server & IT | BP4: Media Room | BR4: Power Room-1 | BT4: Power Room-2 | BV4: Room-1 | BX4: Room-2 | BZ4: Work Station | CA4: FM 200 Panel / WDS/Vesda Status
B5: R | C5: Y | D5: B | E5: R | F5: Y | G5: B | H5: HZ | N5: R | O5: Y | P5: B | Q5: R | R5: Y | S5: B | AF5: Output Load KW | AG5: Used Capacity | AH5: Battery Charge % | AI5: Battery Voltage (V) | AJ5: Load Current-A ( A) | AK5: Load Current-B ( A) | AL5: Load Current-C ( A) | AM5: Load Phase -A % | AN5: Load Phase -B % | AO5: Load Phase -C % | AP5: Output Voltage-A ( V) | AQ5: Output Voltage-B ( V) | AR5: Output Voltage-C ( V) | AS5: Output Load KW | AT5: Used Capacity | AU5: Battery Charge % | AV5: Battery Voltage (V) | AW5: Load Current-A ( A) | AX5: Load Current-B ( A) | AY5: Load Current-C ( A) | AZ5: Load Phase -A % | BA5: Load Phase -B % | BB5: Load Phase -C % | BC5: Output Voltage-A ( V) | BD5: Output Voltage-B ( V) | BE5: Output Voltage-C ( V) | BF5: DC Volatge | BG5: Current | BH5: Battery charge status | BJ5: DC Volatge | BK5: Current | BL5: Battery charge status | BN5: Temp | BO5: Hum | BP5: Temp | BQ5: Hum | BR5: Temp | BS5: Hum | BT5: Temp | BU5: Hum | BV5: Temp | BW5: Hum | BX5: Temp | BY5: Hum
A6: 0
A7: 0.041666667
A8: 0.083333333
A9: 0.125
A10: 0.16666667
A11: 0.20833333
A12: 0.25
A13: 0.29166667
A14: 0.33333333
A15: 0.375
A16: 0.41666667
A17: 0.45833333
... A29: 0.95833333
B31: Average | C31: Maximum | L31: Average | M31: =AVERAGE(M6:M29) -> #DIV/0! | BE31: Average | BF31: =AVERAGE(BF6:BF29) -> #DIV/0! | BG31: =AVERAGE(BG6:BG29) -> #DIV/0! | BJ31: =AVERAGE(BJ6:BJ29) -> #DIV/0! | BK31: =AVERAGE(BK6:BK29) -> #DIV/0! | BN31: =AVERAGE(BN6:BN29) -> #DIV/0! | BO31: =MAX(BN6:BN29) -> 0 | BP31: =MIN(BN6:BN29) -> 0 | BQ31: =AVERAGE(BO6:BO29) -> #DIV/0! | BR31: =MAX(BO6:BO29) -> 0 | BS31: =MIN(BO6:BO29) -> 0
A32: UPS: | B32: =AF32+AS32 -> #DIV/0! | C32: =AF33+AS33 -> 0 | L32: Max | M32: =MAX(M6:M29) -> 0 | AE32: Avg | AF32: =AVERAGE(AF6:AF29) -> #DIV/0! | AR32: Avg | AS32: =AVERAGE(AS6:AS29) -> #DIV/0! | BE32: Max | BF32: =MAX(BF6:BF29) -> 0 | BG32: =MAX(BG6:BG29) -> 0 | BH32: =BF31*BG31 -> #DIV/0! | BJ32: =MAX(BJ6:BJ29) -> 0 | BK32: =MAX(BK6:BK29) -> 0 | BL32: =BJ31*BK31 -> #DIV/0!
A33: Rectifier: | B33: =(BH32+BL32)/1000 -> #DIV/0! | C33: =(BH33+BL33)/1000 -> 0 | AE33: Max | AF33: =MAX(AF6:AF29) -> 0 | AR33: Max | AS33: =MAX(AS6:AS29) -> 0 | BH33: =BF32*BG32 -> 0 | BL33: =BJ32*BK32 -> 0
A39: Technician signature | R39: Engineer signature
A45: DAILY DIARY
A46: Date | B46: Time | C46: Observations &Activities done on the duty

Sheet 30
A1: Switch Power & Room temperature Log Sheet | BV1: ='29'!BV1:CC1+1 -> 46203
A2: Zesco Load Details | N2: DG Load Details | AF2: Ground Floor | BV2: First Floor | CA2: Second Floor | CB2: Load On | CC2: Shift Tech
AF3: Inverter Readings | BF3: Rectifier Readings | BN3: Temperature in Centigrade | BZ3: Condition
A4: Time | B4: Load On Grid in AMPs | E4: Grid Voltage Line to Line | H4: Grid frequency | I4: Grid Power Status ON/ OFF | J4: Grid Off Time | K4: Grid Restored Time | L4: Grid off Duration | M4: Site Load ( ZESCO Or Generator) in kw | N4: Load On DG in AMPs | Q4: DG Voltage Line to Line | T4: DG-1 Run Hrs | U4: DG 1 Battery Voltage | V4: Charged Status (Color) | W4: DG-2 Run Hrs | X4: DG 2 Battery Voltage | Y4: Charged Status (Color) | Z4: DG-3 Run Hrs | AA4: DG 3 Battery Voltage | AB4: Charged Status (Color) | AC4: DG-4 Run Hrs | AD4: DG 4 Battery Voltage | AE4: Charged Status (Color) | AF4: UPS1-POWER PLANT ROOM-1 | AS4: UPS2-POWER PLANT ROOM-2 | BF4: Rectifier 1 - Voltage / Amps | BI4: Used Percentage | BJ4: Rectifier 2 - Voltage / Amps | BM4: Used Percentage | BN4: Room-1 Server & IT | BP4: Media Room | BR4: Power Room-1 | BT4: Power Room-2 | BV4: Room-1 | BX4: Room-2 | BZ4: Work Station | CA4: FM 200 Panel / WDS/Vesda Status
B5: R | C5: Y | D5: B | E5: R | F5: Y | G5: B | H5: HZ | N5: R | O5: Y | P5: B | Q5: R | R5: Y | S5: B | AF5: Output Load KW | AG5: Used Capacity | AH5: Battery Charge % | AI5: Battery Voltage (V) | AJ5: Load Current-A ( A) | AK5: Load Current-B ( A) | AL5: Load Current-C ( A) | AM5: Load Phase -A % | AN5: Load Phase -B % | AO5: Load Phase -C % | AP5: Output Voltage-A ( V) | AQ5: Output Voltage-B ( V) | AR5: Output Voltage-C ( V) | AS5: Output Load KW | AT5: Used Capacity | AU5: Battery Charge % | AV5: Battery Voltage (V) | AW5: Load Current-A ( A) | AX5: Load Current-B ( A) | AY5: Load Current-C ( A) | AZ5: Load Phase -A % | BA5: Load Phase -B % | BB5: Load Phase -C % | BC5: Output Voltage-A ( V) | BD5: Output Voltage-B ( V) | BE5: Output Voltage-C ( V) | BF5: DC Volatge | BG5: Current | BH5: Battery charge status | BJ5: DC Volatge | BK5: Current | BL5: Battery charge status | BN5: Temp | BO5: Hum | BP5: Temp | BQ5: Hum | BR5: Temp | BS5: Hum | BT5: Temp | BU5: Hum | BV5: Temp | BW5: Hum | BX5: Temp | BY5: Hum
A6: 0
A7: 0.041666667
A8: 0.083333333
A9: 0.125
A10: 0.16666667
A11: 0.20833333
A12: 0.25
A13: 0.29166667
A14: 0.33333333
A15: 0.375
A16: 0.41666667
A17: 0.45833333
... A29: 0.95833333
B31: Average | C31: Maximum | L31: Average | M31: =AVERAGE(M6:M29) -> #DIV/0! | BE31: Average | BF31: =AVERAGE(BF6:BF29) -> #DIV/0! | BG31: =AVERAGE(BG6:BG29) -> #DIV/0! | BJ31: =AVERAGE(BJ6:BJ29) -> #DIV/0! | BK31: =AVERAGE(BK6:BK29) -> #DIV/0! | BN31: =AVERAGE(BN6:BN29) -> #DIV/0! | BO31: =MAX(BN6:BN29) -> 0 | BP31: =MIN(BN6:BN29) -> 0 | BQ31: =AVERAGE(BO6:BO29) -> #DIV/0! | BR31: =MAX(BO6:BO29) -> 0 | BS31: =MIN(BO6:BO29) -> 0
A32: UPS: | B32: =AF32+AS32 -> #DIV/0! | C32: =AF33+AS33 -> 0 | L32: Max | M32: =MAX(M6:M29) -> 0 | AE32: Avg | AF32: =AVERAGE(AF6:AF29) -> #DIV/0! | AR32: Avg | AS32: =AVERAGE(AS6:AS29) -> #DIV/0! | BE32: Max | BF32: =MAX(BF6:BF29) -> 0 | BG32: =MAX(BG6:BG29) -> 0 | BH32: =BF31*BG31 -> #DIV/0! | BJ32: =MAX(BJ6:BJ29) -> 0 | BK32: =MAX(BK6:BK29) -> 0 | BL32: =BJ31*BK31 -> #DIV/0!
A33: Rectifier: | B33: =(BH32+BL32)/1000 -> #DIV/0! | C33: =(BH33+BL33)/1000 -> 0 | AE33: Max | AF33: =MAX(AF6:AF29) -> 0 | AR33: Max | AS33: =MAX(AS6:AS29) -> 0 | BH33: =BF32*BG32 -> 0 | BL33: =BJ32*BK32 -> 0
A39: Technician signature | R39: Engineer signature
A45: DAILY DIARY
A46: Date | B46: Time | C46: Observations &Activities done on the duty

Sheet 31
A1: Switch Power & Room temperature Log Sheet | BV1: ='30'!BV1:CC1+1 -> 46204
A2: Zesco Load Details | N2: DG Load Details | AF2: Ground Floor | BV2: First Floor | CA2: Second Floor | CB2: Load On | CC2: Shift Tech
AF3: Inverter Readings | BF3: Rectifier Readings | BN3: Temperature in Centigrade | BZ3: Condition
A4: Time | B4: Load On Grid in AMPs | E4: Grid Voltage Line to Line | H4: Grid frequency | I4: Grid Power Status ON/ OFF | J4: Grid Off Time | K4: Grid Restored Time | L4: Grid off Duration | M4: Site Load ( ZESCO Or Generator) in kw | N4: Load On DG in AMPs | Q4: DG Voltage Line to Line | T4: DG-1 Run Hrs | U4: DG 1 Battery Voltage | V4: Charged Status (Color) | W4: DG-2 Run Hrs | X4: DG 2 Battery Voltage | Y4: Charged Status (Color) | Z4: DG-3 Run Hrs | AA4: DG 3 Battery Voltage | AB4: Charged Status (Color) | AC4: DG-4 Run Hrs | AD4: DG 4 Battery Voltage | AE4: Charged Status (Color) | AF4: UPS1-POWER PLANT ROOM-1 | AS4: UPS2-POWER PLANT ROOM-2 | BF4: Rectifier 1 - Voltage / Amps | BI4: Used Percentage | BJ4: Rectifier 2 - Voltage / Amps | BM4: Used Percentage | BN4: Room-1 Server & IT | BP4: Media Room | BR4: Power Room-1 | BT4: Power Room-2 | BV4: Room-1 | BX4: Room-2 | BZ4: Work Station | CA4: FM 200 Panel / WDS/Vesda Status
B5: R | C5: Y | D5: B | E5: R | F5: Y | G5: B | H5: HZ | N5: R | O5: Y | P5: B | Q5: R | R5: Y | S5: B | AF5: Output Load KW | AG5: Used Capacity | AH5: Battery Charge % | AI5: Battery Voltage (V) | AJ5: Load Current-A ( A) | AK5: Load Current-B ( A) | AL5: Load Current-C ( A) | AM5: Load Phase -A % | AN5: Load Phase -B % | AO5: Load Phase -C % | AP5: Output Voltage-A ( V) | AQ5: Output Voltage-B ( V) | AR5: Output Voltage-C ( V) | AS5: Output Load KW | AT5: Used Capacity | AU5: Battery Charge % | AV5: Battery Voltage (V) | AW5: Load Current-A ( A) | AX5: Load Current-B ( A) | AY5: Load Current-C ( A) | AZ5: Load Phase -A % | BA5: Load Phase -B % | BB5: Load Phase -C % | BC5: Output Voltage-A ( V) | BD5: Output Voltage-B ( V) | BE5: Output Voltage-C ( V) | BF5: DC Volatge | BG5: Current | BH5: Battery charge status | BJ5: DC Volatge | BK5: Current | BL5: Battery charge status | BN5: Temp | BO5: Hum | BP5: Temp | BQ5: Hum | BR5: Temp | BS5: Hum | BT5: Temp | BU5: Hum | BV5: Temp | BW5: Hum | BX5: Temp | BY5: Hum
B31: Average | C31: Maximum | L31: Average | M31: =AVERAGE(M6:M29) -> #DIV/0! | BE31: Average | BF31: =AVERAGE(BF6:BF29) -> #DIV/0! | BG31: =AVERAGE(BG6:BG29) -> #DIV/0! | BJ31: =AVERAGE(BJ6:BJ29) -> #DIV/0! | BK31: =AVERAGE(BK6:BK29) -> #DIV/0! | BN31: =AVERAGE(BN6:BN29) -> #DIV/0! | BO31: =MAX(BN6:BN29) -> 0 | BP31: =MIN(BN6:BN29) -> 0 | BQ31: =AVERAGE(BO6:BO29) -> #DIV/0! | BR31: =MAX(BO6:BO29) -> 0 | BS31: =MIN(BO6:BO29) -> 0
A32: UPS: | B32: =AF32+AS32 -> #DIV/0! | C32: =AF33+AS33 -> 0 | L32: Max | M32: =MAX(M6:M29) -> 0 | AE32: Avg | AF32: =AVERAGE(AF6:AF29) -> #DIV/0! | AR32: Avg | AS32: =AVERAGE(AS6:AS29) -> #DIV/0! | BE32: Max | BF32: =MAX(BF6:BF29) -> 0 | BG32: =MAX(BG6:BG29) -> 0 | BH32: =BF31*BG31 -> #DIV/0! | BJ32: =MAX(BJ6:BJ29) -> 0 | BK32: =MAX(BK6:BK29) -> 0 | BL32: =BJ31*BK31 -> #DIV/0!
A33: Rectifier: | B33: =(BH32+BL32)/1000 -> #DIV/0! | C33: =(BH33+BL33)/1000 -> 0 | AE33: Max | AF33: =MAX(AF6:AF29) -> 0 | AR33: Max | AS33: =MAX(AS6:AS29) -> 0 | BH33: =BF32*BG32 -> 0 | BL33: =BJ32*BK32 -> 0
A39: Technician signature | R39: Engineer signature
A45: DAILY DIARY
A46: Date | B46: Time | C46: Observations &Activities done on the duty

Sheet Room Temp - Auto Update
A2: Hourly Room Temperature Check
A3: Date | B3: Time: | C3: 0 | O3: 0.041666667 | AA3: 0.083333333 | AM3: 0.125 | AY3: 0.16666667 | BK3: 0.20833333 | BW3: 0.25 | CI3: 0.29166667 | CU3: 0.33333333 | DG3: 0.375 | DS3: 0.41666667 | EE3: 0.45833333 | EQ3: 0.5 | FC3: 0.54166667 | FO3: 0.58333333 | GA3: 0.625 | GM3: 0.66666667 | GY3: 0.70833333 | HK3: 0.75 | HW3: 0.79166667 | II3: 0.83333333 | IU3: 0.875 | JG3: 0.91666667 | JS3: 0.95833333
B4: Location | C4: GF-Room 1 | E4: GF-Media Room | G4: Power Room-1 | I4: Power Room-2 | K4: FF-Room 1 | M4: FF-Room 2 | O4: GF-Room 1 | Q4: GF-Media Room | S4: GF-Power Room 1 | U4: GF-Power Room 2 | W4: FF-Room 1 | Y4: FF-Room 2 | AA4: GF-Room 1 | AC4: GF-Media Room | AE4: GF-Power Room 1 | AG4: GF-Power Room 2 | AI4: FF-Room 1 | AK4: FF-Room 2 | AM4: GF-Room 1 | AO4: GF-Media Room | AQ4: GF-Power Room 1 | AS4: GF-Power Room 2 | AU4: FF-Room 1 | AW4: FF-Room 2 | AY4: GF-Room 1 | BA4: GF-Media Room | BC4: GF-Power Room 1 | BE4: GF-Power Room 2 | BG4: FF-Room 1 | BI4: FF-Room 2 | BK4: GF-Room 1 | BM4: GF-Media Room | BO4: GF-Power Room 1 | BQ4: GF-Power Room 2 | BS4: FF-Room 1 | BU4: FF-Room 2 | BW4: GF-Room 1 | BY4: GF-Media Room | CA4: GF-Power Room 1 | CC4: GF-Power Room 2 | CE4: FF-Room 1 | CG4: FF-Room 2 | CI4: GF-Room 1 | CK4: GF-Media Room | CM4: GF-Power Room 1 | CO4: GF-Power Room 2 | CQ4: FF-Room 1 | CS4: FF-Room 2 | CU4: GF-Room 1 | CW4: GF-Media Room | CY4: GF-Power Room 1 | DA4: GF-Power Room 2 | DC4: FF-Room 1 | DE4: FF-Room 2 | DG4: GF-Room 1 | DI4: GF-Media Room | DK4: GF-Power Room 1 | DM4: GF-Power Room 2 | DO4: FF-Room 1 | DQ4: FF-Room 2 | DS4: GF-Room 1 | DU4: GF-Media Room | DW4: GF-Power Room 1 | DY4: GF-Power Room 2 | EA4: FF-Room 1 | EC4: FF-Room 2 | EE4: GF-Room 1 | EG4: GF-Media Room | EI4: GF-Power Room 1 | EK4: GF-Power Room 2 | EM4: FF-Room 1 | EO4: FF-Room 2 | EQ4: GF-Room 1 | ES4: GF-Media Room | EU4: GF-Power Room 1 | EW4: GF-Power Room 2 | EY4: FF-Room 1 | FA4: FF-Room 2 | FC4: GF-Room 1 | FE4: GF-Media Room | FG4: GF-Power Room 1 | FI4: GF-Power Room 2 | FK4: FF-Room 1 | FM4: FF-Room 2 | FO4: GF-Room 1 | FQ4: GF-Media Room | FS4: GF-Power Room 1 | FU4: GF-Power Room 2 | FW4: FF-Room 1 | FY4: FF-Room 2 | GA4: GF-Room 1 | GC4: GF-Media Room | GE4: GF-Power Room 1 | GG4: GF-Power Room 2 | GI4: FF-Room 1 | GK4: FF-Room 2 | GM4: GF-Room 1 | GO4: GF-Media Room | GQ4: GF-Power Room 1 | GS4: GF-Power Room 2 | GU4: FF-Room 1 | GW4: FF-Room 2 | GY4: GF-Room 1 | HA4: GF-Media Room | HC4: GF-Power Room 1 | HE4: GF-Power Room 2 | HG4: FF-Room 1 | HI4: FF-Room 2 | HK4: GF-Room 1 | HM4: GF-Media Room | HO4: GF-Power Room 1 | HQ4: GF-Power Room 2 | HS4: FF-Room 1 | HU4: FF-Room 2 | HW4: GF-Room 1 | HY4: GF-Media Room | IA4: GF-Power Room 1 | IC4: GF-Power Room 2 | IE4: FF-Room 1 | IG4: FF-Room 2 | II4: GF-Room 1 | IK4: GF-Media Room | IM4: GF-Power Room 1 | IO4: GF-Power Room 2 | IQ4: FF-Room 1 | IS4: FF-Room 2 | IU4: GF-Room 1 | IW4: GF-Media Room | IY4: GF-Power Room 1 | JA4: GF-Power Room 2 | JC4: FF-Room 1 | JE4: FF-Room 2 | JG4: GF-Room 1 | JI4: GF-Media Room | JK4: GF-Power Room 1 | JM4: GF-Power Room 2 | JO4: FF-Room 1 | JQ4: FF-Room 2 | JS4: GF-Room 1 | JU4: GF-Media Room | JW4: GF-Power Room 1 | JY4: GF-Power Room 2 | KA4: FF-Room 1 | KC4: FF-Room 2
C5: Temp | D5: Hum | E5: Temp | F5: Hum | G5: Temp | H5: Hum | I5: Temp | J5: Hum | K5: Temp | L5: Hum | M5: Temp | N5: Hum | O5: Temp | P5: Hum | Q5: Temp | R5: Hum | S5: Temp | T5: Hum | U5: Temp | V5: Hum | W5: Temp | X5: Hum | Y5: Temp | Z5: Hum | AA5: Temp | AB5: Hum | AC5: Temp | AD5: Hum | AE5: Temp | AF5: Hum | AG5: Temp | AH5: Hum | AI5: Temp | AJ5: Hum | AK5: Temp | AL5: Hum | AM5: Temp | AN5: Hum | AO5: Temp | AP5: Hum | AQ5: Temp | AR5: Hum | AS5: Temp | AT5: Hum | AU5: Temp | AV5: Hum | AW5: Temp | AX5: Hum | AY5: Temp | AZ5: Hum | BA5: Temp | BB5: Hum | BC5: Temp | BD5: Hum | BE5: Temp | BF5: Hum | BG5: Temp | BH5: Hum | BI5: Temp | BJ5: Hum | BK5: Temp | BL5: Hum | BM5: Temp | BN5: Hum | BO5: Temp | BP5: Hum | BQ5: Temp | BR5: Hum | BS5: Temp | BT5: Hum | BU5: Temp | BV5: Hum | BW5: Temp | BX5: Hum | BY5: Temp | BZ5: Hum | CA5: Temp | CB5: Hum | CC5: Temp | CD5: Hum | CE5: Temp | CF5: Hum | CG5: Temp | CH5: Hum | CI5: Temp | CJ5: Hum | CK5: Temp | CL5: Hum | CM5: Temp | CN5: Hum | CO5: Temp | CP5: Hum | CQ5: Temp | CR5: Hum | CS5: Temp | CT5: Hum | CU5: Temp | CV5: Hum | CW5: Temp | CX5: Hum | CY5: Temp | CZ5: Hum | DA5: Temp | DB5: Hum | DC5: Temp | DD5: Hum | DE5: Temp | DF5: Hum | DG5: Temp | DH5: Hum | DI5: Temp | DJ5: Hum | DK5: Temp | DL5: Hum | DM5: Temp | DN5: Hum | DO5: Temp | DP5: Hum | DQ5: Temp | DR5: Hum | DS5: Temp | DT5: Hum | DU5: Temp | DV5: Hum | DW5: Temp | DX5: Hum | DY5: Temp | DZ5: Hum | EA5: Temp | EB5: Hum | EC5: Temp | ED5: Hum | EE5: Temp | EF5: Hum | EG5: Temp | EH5: Hum | EI5: Temp | EJ5: Hum | EK5: Temp | EL5: Hum | EM5: Temp | EN5: Hum | EO5: Temp | EP5: Hum | EQ5: Temp | ER5: Hum | ES5: Temp | ET5: Hum | EU5: Temp | EV5: Hum | EW5: Temp | EX5: Hum | EY5: Temp | EZ5: Hum | FA5: Temp | FB5: Hum | FC5: Temp | FD5: Hum | FE5: Temp | FF5: Hum | FG5: Temp | FH5: Hum | FI5: Temp | FJ5: Hum | FK5: Temp | FL5: Hum | FM5: Temp | FN5: Hum | FO5: Temp | FP5: Hum | FQ5: Temp | FR5: Hum | FS5: Temp | FT5: Hum | FU5: Temp | FV5: Hum | FW5: Temp | FX5: Hum | FY5: Temp | FZ5: Hum | GA5: Temp | GB5: Hum | GC5: Temp | GD5: Hum | GE5: Temp | GF5: Hum | GG5: Temp | GH5: Hum | GI5: Temp | GJ5: Hum | GK5: Temp | GL5: Hum | GM5: Temp | GN5: Hum | GO5: Temp | GP5: Hum | GQ5: Temp | GR5: Hum | GS5: Temp | GT5: Hum | GU5: Temp | GV5: Hum | GW5: Temp | GX5: Hum | GY5: Temp | GZ5: Hum | HA5: Temp | HB5: Hum | HC5: Temp | HD5: Hum | HE5: Temp | HF5: Hum | HG5: Temp | HH5: Hum | HI5: Temp | HJ5: Hum | HK5: Temp | HL5: Hum | HM5: Temp | HN5: Hum | HO5: Temp | HP5: Hum | HQ5: Temp | HR5: Hum | HS5: Temp | HT5: Hum | HU5: Temp | HV5: Hum | HW5: Temp | HX5: Hum | HY5: Temp | HZ5: Hum | IA5: Temp | IB5: Hum | IC5: Temp | ID5: Hum | IE5: Temp | IF5: Hum | IG5: Temp | IH5: Hum | II5: Temp | IJ5: Hum | IK5: Temp | IL5: Hum | IM5: Temp | IN5: Hum | IO5: Temp | IP5: Hum | IQ5: Temp | IR5: Hum | IS5: Temp | IT5: Hum | IU5: Temp | IV5: Hum | IW5: Temp | IX5: Hum | IY5: Temp | IZ5: Hum | JA5: Temp | JB5: Hum | JC5: Temp | JD5: Hum | JE5: Temp | JF5: Hum | JG5: Temp | JH5: Hum | JI5: Temp | JJ5: Hum | JK5: Temp | JL5: Hum | JM5: Temp | JN5: Hum | JO5: Temp | JP5: Hum | JQ5: Temp | JR5: Hum | JS5: Temp | JT5: Hum | JU5: Temp | JV5: Hum | JW5: Temp | JX5: Hum | JY5: Temp | JZ5: Hum | KA5: Temp | KB5: Hum | KC5: Temp | KD5: Hum
A6: 46174 | C6: ='1'!$BN$6 -> 0 | D6: ='1'!$BO$6 -> 0 | E6: ='1'!$BP$6 -> 0 | F6: ='1'!$BQ$6 -> 0 | G6: ='1'!$BR$6 -> 0 | H6: ='1'!$BS$6 -> 0 | I6: ='1'!$BT$6 -> 0 | J6: ='1'!$BU$6 -> 0 | K6: ='1'!$BV$6 -> 0 | L6: ='1'!$BW$6 -> 0 | M6: ='1'!$BX$6 -> 0 | N6: ='1'!$BY$6 -> 0 | O6: ='1'!$BN$7 -> 0 | P6: ='1'!$BO$7 -> 0 | Q6: ='1'!$BP$7 -> 0 | R6: ='1'!$BQ$7 -> 0 | S6: ='1'!$BR$7 -> 0 | T6: ='1'!$BS$7 -> 0 | U6: ='1'!$BT$7 -> 0 | V6: ='1'!$BU$7 -> 0 | W6: ='1'!$BV$7 -> 0 | X6: ='1'!$BW$7 -> 0 | Y6: ='1'!$BX$7 -> 0 | Z6: ='1'!$BY$7 -> 0 | AA6: ='1'!$BN$8 -> 0 | AB6: ='1'!$BO$8 -> 0 | AC6: ='1'!$BP$8 -> 0 | AD6: ='1'!$BQ$8 -> 0 | AE6: ='1'!$BR$8 -> 0 | AF6: ='1'!$BS$8 -> 0 | AG6: ='1'!$BT$8 -> 0 | AH6: ='1'!$BU$8 -> 0 | AI6: ='1'!$BV$8 -> 0 | AJ6: ='1'!$BW$8 -> 0 | AK6: ='1'!$BX$8 -> 0 | AL6: ='1'!$BY$8 -> 0 | AM6: ='1'!$BN$9 -> 0 | AN6: ='1'!$BO$9 -> 0 | AO6: ='1'!$BP$9 -> 0 | AP6: ='1'!$BQ$9 -> 0 | AQ6: ='1'!$BR$9 -> 0 | AR6: ='1'!$BS$9 -> 0 | AS6: ='1'!$BT$9 -> 0 | AT6: ='1'!$BU$9 -> 0 | AU6: ='1'!$BV$9 -> 0 | AV6: ='1'!$BW$9 -> 0 | AW6: ='1'!$BX$9 -> 0 | AX6: ='1'!$BY$9 -> 0 | AY6: ='1'!$BN$10 -> 0 | AZ6: ='1'!$BO$10 -> 0 | BA6: ='1'!$BP$10 -> 0 | BB6: ='1'!$BQ$10 -> 0 | BC6: ='1'!$BR$10 -> 0 | BD6: ='1'!$BS$10 -> 0 | BE6: ='1'!$BT$10 -> 0 | BF6: ='1'!$BU$10 -> 0 | BG6: ='1'!$BV$10 -> 0 | BH6: ='1'!$BW$10 -> 0 | BI6: ='1'!$BX$10 -> 0 | BJ6: ='1'!$BY$10 -> 0 | BK6: ='1'!$BN$11 -> 0 | BL6: ='1'!$BO$11 -> 0 | BM6: ='1'!$BP$11 -> 0 | BN6: ='1'!$BQ$11 -> 0 | BO6: ='1'!$BR$11 -> 0 | BP6: ='1'!$BS$11 -> 0 | BQ6: ='1'!$BT$11 -> 0 | BR6: ='1'!$BU$11 -> 0 | BS6: ='1'!$BV$11 -> 0 | BT6: ='1'!$BW$11 -> 0 | BU6: ='1'!$BX$11 -> 0 | BV6: ='1'!$BY$11 -> 0 | BW6: ='1'!$BN$12 -> 0 | BX6: ='1'!$BO$12 -> 0 | BY6: ='1'!$BP$12 -> 0 | BZ6: ='1'!$BQ$12 -> 0 | CA6: ='1'!$BR$12 -> 0 | CB6: ='1'!$BS$12 -> 0 | CC6: ='1'!$BT$12 -> 0 | CD6: ='1'!$BU$12 -> 0 | CE6: ='1'!$BV$12 -> 0 | CF6: ='1'!$BW$12 -> 0 | CG6: ='1'!$BX$12 -> 0 | CH6: ='1'!$BY$12 -> 0 | CI6: ='1'!$BN$13 -> 0 | CJ6: ='1'!$BO$13 -> 0 | CK6: ='1'!$BP$13 -> 0 | CL6: ='1'!$BQ$13 -> 0 | CM6: ='1'!$BR$13 -> 0 | CN6: ='1'!$BS$13 -> 0 | CO6: ='1'!$BT$13 -> 0 | CP6: ='1'!$BU$13 -> 0 | CQ6: ='1'!$BV$13 -> 0 | CR6: ='1'!$BW$13 -> 0 | CS6: ='1'!$BX$13 -> 0 | CT6: ='1'!$BY$13 -> 0 | CU6: ='1'!$BN$14 -> 0 | CV6: ='1'!$BO$14 -> 0 | CW6: ='1'!$BP$14 -> 0 | CX6: ='1'!$BQ$14 -> 0 | CY6: ='1'!$BR$14 -> 0 | CZ6: ='1'!$BS$14 -> 0 | DA6: ='1'!$BT$14 -> 0 | DB6: ='1'!$BU$14 -> 0 | DC6: ='1'!$BV$14 -> 0 | DD6: ='1'!$BW$14 -> 0 | DE6: ='1'!$BX$14 -> 0 | DF6: ='1'!$BY$14 -> 0 | DG6: ='1'!$BN$15 -> 0 | DH6: ='1'!$BO$15 -> 0 | DI6: ='1'!$BP$15 -> 0 | DJ6: ='1'!$BQ$15 -> 0 | DK6: ='1'!$BR$15 -> 0 | DL6: ='1'!$BS$15 -> 0 | DM6: ='1'!$BT$15 -> 0 | DN6: ='1'!$BU$15 -> 0 | DO6: ='1'!$BV$15 -> 0 | DP6: ='1'!$BW$15 -> 0 | DQ6: ='1'!$BX$15 -> 0 | DR6: ='1'!$BY$15 -> 0 | DS6: ='1'!$BN$16 -> 0 | DT6: ='1'!$BO$16 -> 0 | DU6: ='1'!$BP$16 -> 0 | DV6: ='1'!$BQ$16 -> 0 | DW6: ='1'!$BR$16 -> 0 | DX6: ='1'!$BS$16 -> 0 | DY6: ='1'!$BT$16 -> 0 | DZ6: ='1'!$BU$16 -> 0 | EA6: ='1'!$BV$16 -> 0 | EB6: ='1'!$BW$16 -> 0 | EC6: ='1'!$BX$16 -> 0 | ED6: ='1'!$BY$16 -> 0 | EE6: ='1'!$BN$17 -> 0 | EF6: ='1'!$BO$17 -> 0 | EG6: ='1'!$BP$17 -> 0 | EH6: ='1'!$BQ$17 -> 0 | EI6: ='1'!$BR$17 -> 0 | EJ6: ='1'!$BS$17 -> 0 | EK6: ='1'!$BT$17 -> 0 | EL6: ='1'!$BU$17 -> 0 | EM6: ='1'!$BV$17 -> 0 | EN6: ='1'!$BW$17 -> 0 | EO6: ='1'!$BX$17 -> 0 | EP6: ='1'!$BY$17 -> 0 | EQ6: ='1'!$BN$18 -> 0 | ER6: ='1'!$BO$18 -> 0 | ES6: ='1'!$BP$18 -> 0 | ET6: ='1'!$BQ$18 -> 0 | EU6: ='1'!$BR$18 -> 0 | EV6: ='1'!$BS$18 -> 0 | EW6: ='1'!$BT$18 -> 0 | EX6: ='1'!$BU$18 -> 0 | EY6: ='1'!$BV$18 -> 0 | EZ6: ='1'!$BW$18 -> 0 | FA6: ='1'!$BX$18 -> 0 | FB6: ='1'!$BY$18 -> 0 | FC6: ='1'!$BN$19 -> 0 | FD6: ='1'!$BO$19 -> 0 | FE6: ='1'!$BP$19 -> 0 | FF6: ='1'!$BQ$19 -> 0 | FG6: ='1'!$BR$19 -> 0 | FH6: ='1'!$BS$19 -> 0 | FI6: ='1'!$BT$19 -> 0 | FJ6: ='1'!$BU$19 -> 0 | FK6: ='1'!$BV$19 -> 0 | FL6: ='1'!$BW$19 -> 0 | FM6: ='1'!$BX$19 -> 0 | FN6: ='1'!$BY$19 -> 0 | FO6: ='1'!$BN$20 -> 0 | FP6: ='1'!$BO$20 -> 0 | FQ6: ='1'!$BP$20 -> 0 | FR6: ='1'!$BQ$20 -> 0 | FS6: ='1'!$BR$20 -> 0 | FT6: ='1'!$BS$20 -> 0 | FU6: ='1'!$BT$20 -> 0 | FV6: ='1'!$BU$20 -> 0 | FW6: ='1'!$BV$20 -> 0 | FX6: ='1'!$BW$20 -> 0 | FY6: ='1'!$BX$20 -> 0 | FZ6: ='1'!$BY$20 -> 0 | GA6: ='1'!$BN$21 -> 0 | GB6: ='1'!$BO$21 -> 0 | GC6: ='1'!$BP$21 -> 0 | GD6: ='1'!$BQ$21 -> 0 | GE6: ='1'!$BR$21 -> 0 | GF6: ='1'!$BS$21 -> 0 | GG6: ='1'!$BT$21 -> 0 | GH6: ='1'!$BU$21 -> 0 | GI6: ='1'!$BV$21 -> 0 | GJ6: ='1'!$BW$21 -> 0 | GK6: ='1'!$BX$21 -> 0 | GL6: ='1'!$BY$21 -> 0 | GM6: ='1'!$BN$22 -> 0 | GN6: ='1'!$BO$22 -> 0 | GO6: ='1'!$BP$22 -> 0 | GP6: ='1'!$BQ$22 -> 0 | GQ6: ='1'!$BR$22 -> 0 | GR6: ='1'!$BS$22 -> 0 | GS6: ='1'!$BT$22 -> 0 | GT6: ='1'!$BU$22 -> 0 | GU6: ='1'!$BV$22 -> 0 | GV6: ='1'!$BW$22 -> 0 | GW6: ='1'!$BX$22 -> 0 | GX6: ='1'!$BY$22 -> 0 | GY6: ='1'!$BN$23 -> 0 | GZ6: ='1'!$BO$23 -> 0 | HA6: ='1'!$BP$23 -> 0 | HB6: ='1'!$BQ$23 -> 0 | HC6: ='1'!$BR$23 -> 0 | HD6: ='1'!$BS$23 -> 0 | HE6: ='1'!$BT$23 -> 0 | HF6: ='1'!$BU$23 -> 0 | HG6: ='1'!$BV$23 -> 0 | HH6: ='1'!$BW$23 -> 0 | HI6: ='1'!$BX$23 -> 0 | HJ6: ='1'!$BY$23 -> 0 | HK6: ='1'!$BN$24 -> 0 | HL6: ='1'!$BO$24 -> 0 | HM6: ='1'!$BP$24 -> 0 | HN6: ='1'!$BQ$24 -> 0 | HO6: ='1'!$BR$24 -> 0 | HP6: ='1'!$BS$24 -> 0 | HQ6: ='1'!$BT$24 -> 0 | HR6: ='1'!$BU$24 -> 0 | HS6: ='1'!$BV$24 -> 0 | HT6: ='1'!$BW$24 -> 0 | HU6: ='1'!$BX$24 -> 0 | HV6: ='1'!$BY$24 -> 0 | HW6: ='1'!$BN$25 -> 0 | HX6: ='1'!$BO$25 -> 0 | HY6: ='1'!$BP$25 -> 0 | HZ6: ='1'!$BQ$25 -> 0 | IA6: ='1'!$BR$25 -> 0 | IB6: ='1'!$BS$25 -> 0 | IC6: ='1'!$BT$25 -> 0 | ID6: ='1'!$BU$25 -> 0 | IE6: ='1'!$BV$25 -> 0 | IF6: ='1'!$BW$25 -> 0 | IG6: ='1'!$BX$25 -> 0 | IH6: ='1'!$BY$25 -> 0 | II6: ='1'!$BN$26 -> 0 | IJ6: ='1'!$BO$26 -> 0 | IK6: ='1'!$BP$26 -> 0 | IL6: ='1'!$BQ$26 -> 0 | IM6: ='1'!$BR$26 -> 0 | IN6: ='1'!$BS$26 -> 0 | IO6: ='1'!$BT$26 -> 0 | IP6: ='1'!$BU$26 -> 0 | IQ6: ='1'!$BV$26 -> 0 | IR6: ='1'!$BW$26 -> 0 | IS6: ='1'!$BX$26 -> 0 | IT6: ='1'!$BY$26 -> 0 | IU6: ='1'!$BN$27 -> 0 | IV6: ='1'!$BO$27 -> 0 | IW6: ='1'!$BP$27 -> 0 | IX6: ='1'!$BQ$27 -> 0 | IY6: ='1'!$BR$27 -> 0 | IZ6: ='1'!$BS$27 -> 0 | JA6: ='1'!$BT$27 -> 0 | JB6: ='1'!$BU$27 -> 0 | JC6: ='1'!$BV$27 -> 0 | JD6: ='1'!$BW$27 -> 0 | JE6: ='1'!$BX$27 -> 0 | JF6: ='1'!$BY$27 -> 0 | JG6: ='1'!$BN$28 -> 0 | JH6: ='1'!$BO$28 -> 0 | JI6: ='1'!$BP$28 -> 0 | JJ6: ='1'!$BQ$28 -> 0 | JK6: ='1'!$BR$28 -> 0 | JL6: ='1'!$BS$28 -> 0 | JM6: ='1'!$BT$28 -> 0 | JN6: ='1'!$BU$28 -> 0 | JO6: ='1'!$BV$28 -> 0 | JP6: ='1'!$BW$28 -> 0 | JQ6: ='1'!$BX$28 -> 0 | JR6: ='1'!$BY$28 -> 0 | JS6: ='1'!$BN$29 -> 0 | JT6: ='1'!$BO$29 -> 0 | JU6: ='1'!$BP$29 -> 0 | JV6: ='1'!$BQ$29 -> 0 | JW6: ='1'!$BR$29 -> 0 | JX6: ='1'!$BS$29 -> 0 | JY6: ='1'!$BT$29 -> 0 | JZ6: ='1'!$BU$29 -> 0 | KA6: ='1'!$BV$29 -> 0 | KB6: ='1'!$BW$29 -> 0 | KC6: ='1'!$BX$29 -> 0 | KD6: ='1'!$BY$29 -> 0
A7: 46175 | C7: ='2'!$BN$6 -> 0 | D7: ='2'!$BO$6 -> 0 | E7: ='2'!$BP$6 -> 0 | F7: ='2'!$BQ$6 -> 0 | G7: ='2'!$BR$6 -> 0 | H7: ='2'!$BS$6 -> 0 | I7: ='2'!$BT$6 -> 0 | J7: ='2'!$BU$6 -> 0 | K7: ='2'!$BV$6 -> 0 | L7: ='2'!$BW$6 -> 0 | M7: ='2'!$BX$6 -> 0 | N7: ='2'!$BY$6 -> 0 | O7: ='2'!$BN$7 -> 0 | P7: ='2'!$BO$7 -> 0 | Q7: ='2'!$BP$7 -> 0 | R7: ='2'!$BQ$7 -> 0 | S7: ='2'!$BR$7 -> 0 | T7: ='2'!$BS$7 -> 0 | U7: ='2'!$BT$7 -> 0 | V7: ='2'!$BU$7 -> 0 | W7: ='2'!$BV$7 -> 0 | X7: ='2'!$BW$7 -> 0 | Y7: ='2'!$BX$7 -> 0 | Z7: ='2'!$BY$7 -> 0 | AA7: ='2'!$BN$8 -> 0 | AB7: ='2'!$BO$8 -> 0 | AC7: ='2'!$BP$8 -> 0 | AD7: ='2'!$BQ$8 -> 0 | AE7: ='2'!$BR$8 -> 0 | AF7: ='2'!$BS$8 -> 0 | AG7: ='2'!$BT$8 -> 0 | AH7: ='2'!$BU$8 -> 0 | AI7: ='2'!$BV$8 -> 0 | AJ7: ='2'!$BW$8 -> 0 | AK7: ='2'!$BX$8 -> 0 | AL7: ='2'!$BY$8 -> 0 | AM7: ='2'!$BN$9 -> 0 | AN7: ='2'!$BO$9 -> 0 | AO7: ='2'!$BP$9 -> 0 | AP7: ='2'!$BQ$9 -> 0 | AQ7: ='2'!$BR$9 -> 0 | AR7: ='2'!$BS$9 -> 0 | AS7: ='2'!$BT$9 -> 0 | AT7: ='2'!$BU$9 -> 0 | AU7: ='2'!$BV$9 -> 0 | AV7: ='2'!$BW$9 -> 0 | AW7: ='2'!$BX$9 -> 0 | AX7: ='2'!$BY$9 -> 0 | AY7: ='2'!$BN$10 -> 0 | AZ7: ='2'!$BO$10 -> 0 | BA7: ='2'!$BP$10 -> 0 | BB7: ='2'!$BQ$10 -> 0 | BC7: ='2'!$BR$10 -> 0 | BD7: ='2'!$BS$10 -> 0 | BE7: ='2'!$BT$10 -> 0 | BF7: ='2'!$BU$10 -> 0 | BG7: ='2'!$BV$10 -> 0 | BH7: ='2'!$BW$10 -> 0 | BI7: ='2'!$BX$10 -> 0 | BJ7: ='2'!$BY$10 -> 0 | BK7: ='2'!$BN$11 -> 0 | BL7: ='2'!$BO$11 -> 0 | BM7: ='2'!$BP$11 -> 0 | BN7: ='2'!$BQ$11 -> 0 | BO7: ='2'!$BR$11 -> 0 | BP7: ='2'!$BS$11 -> 0 | BQ7: ='2'!$BT$11 -> 0 | BR7: ='2'!$BU$11 -> 0 | BS7: ='2'!$BV$11 -> 0 | BT7: ='2'!$BW$11 -> 0 | BU7: ='2'!$BX$11 -> 0 | BV7: ='2'!$BY$11 -> 0 | BW7: ='2'!$BN$12 -> 0 | BX7: ='2'!$BO$12 -> 0 | BY7: ='2'!$BP$12 -> 0 | BZ7: ='2'!$BQ$12 -> 0 | CA7: ='2'!$BR$12 -> 0 | CB7: ='2'!$BS$12 -> 0 | CC7: ='2'!$BT$12 -> 0 | CD7: ='2'!$BU$12 -> 0 | CE7: ='2'!$BV$12 -> 0 | CF7: ='2'!$BW$12 -> 0 | CG7: ='2'!$BX$12 -> 0 | CH7: ='2'!$BY$12 -> 0 | CI7: ='2'!$BN$13 -> 0 | CJ7: ='2'!$BO$13 -> 0 | CK7: ='2'!$BP$13 -> 0 | CL7: ='2'!$BQ$13 -> 0 | CM7: ='2'!$BR$13 -> 0 | CN7: ='2'!$BS$13 -> 0 | CO7: ='2'!$BT$13 -> 0 | CP7: ='2'!$BU$13 -> 0 | CQ7: ='2'!$BV$13 -> 0 | CR7: ='2'!$BW$13 -> 0 | CS7: ='2'!$BX$13 -> 0 | CT7: ='2'!$BY$13 -> 0 | CU7: ='2'!$BN$14 -> 0 | CV7: ='2'!$BO$14 -> 0 | CW7: ='2'!$BP$14 -> 0 | CX7: ='2'!$BQ$14 -> 0 | CY7: ='2'!$BR$14 -> 0 | CZ7: ='2'!$BS$14 -> 0 | DA7: ='2'!$BT$14 -> 0 | DB7: ='2'!$BU$14 -> 0 | DC7: ='2'!$BV$14 -> 0 | DD7: ='2'!$BW$14 -> 0 | DE7: ='2'!$BX$14 -> 0 | DF7: ='2'!$BY$14 -> 0 | DG7: ='2'!$BN$15 -> 0 | DH7: ='2'!$BO$15 -> 0 | DI7: ='2'!$BP$15 -> 0 | DJ7: ='2'!$BQ$15 -> 0 | DK7: ='2'!$BR$15 -> 0 | DL7: ='2'!$BS$15 -> 0 | DM7: ='2'!$BT$15 -> 0 | DN7: ='2'!$BU$15 -> 0 | DO7: ='2'!$BV$15 -> 0 | DP7: ='2'!$BW$15 -> 0 | DQ7: ='2'!$BX$15 -> 0 | DR7: ='2'!$BY$15 -> 0 | DS7: ='2'!$BN$16 -> 0 | DT7: ='2'!$BO$16 -> 0 | DU7: ='2'!$BP$16 -> 0 | DV7: ='2'!$BQ$16 -> 0 | DW7: ='2'!$BR$16 -> 0 | DX7: ='2'!$BS$16 -> 0 | DY7: ='2'!$BT$16 -> 0 | DZ7: ='2'!$BU$16 -> 0 | EA7: ='2'!$BV$16 -> 0 | EB7: ='2'!$BW$16 -> 0 | EC7: ='2'!$BX$16 -> 0 | ED7: ='2'!$BY$16 -> 0 | EE7: ='2'!$BN$17 -> 0 | EF7: ='2'!$BO$17 -> 0 | EG7: ='2'!$BP$17 -> 0 | EH7: ='2'!$BQ$17 -> 0 | EI7: ='2'!$BR$17 -> 0 | EJ7: ='2'!$BS$17 -> 0 | EK7: ='2'!$BT$17 -> 0 | EL7: ='2'!$BU$17 -> 0 | EM7: ='2'!$BV$17 -> 0 | EN7: ='2'!$BW$17 -> 0 | EO7: ='2'!$BX$17 -> 0 | EP7: ='2'!$BY$17 -> 0 | EQ7: ='2'!$BN$18 -> 0 | ER7: ='2'!$BO$18 -> 0 | ES7: ='2'!$BP$18 -> 0 | ET7: ='2'!$BQ$18 -> 0 | EU7: ='2'!$BR$18 -> 0 | EV7: ='2'!$BS$18 -> 0 | EW7: ='2'!$BT$18 -> 0 | EX7: ='2'!$BU$18 -> 0 | EY7: ='2'!$BV$18 -> 0 | EZ7: ='2'!$BW$18 -> 0 | FA7: ='2'!$BX$18 -> 0 | FB7: ='2'!$BY$18 -> 0 | FC7: ='2'!$BN$19 -> 0 | FD7: ='2'!$BO$19 -> 0 | FE7: ='2'!$BP$19 -> 0 | FF7: ='2'!$BQ$19 -> 0 | FG7: ='2'!$BR$19 -> 0 | FH7: ='2'!$BS$19 -> 0 | FI7: ='2'!$BT$19 -> 0 | FJ7: ='2'!$BU$19 -> 0 | FK7: ='2'!$BV$19 -> 0 | FL7: ='2'!$BW$19 -> 0 | FM7: ='2'!$BX$19 -> 0 | FN7: ='2'!$BY$19 -> 0 | FO7: ='2'!$BN$20 -> 0 | FP7: ='2'!$BO$20 -> 0 | FQ7: ='2'!$BP$20 -> 0 | FR7: ='2'!$BQ$20 -> 0 | FS7: ='2'!$BR$20 -> 0 | FT7: ='2'!$BS$20 -> 0 | FU7: ='2'!$BT$20 -> 0 | FV7: ='2'!$BU$20 -> 0 | FW7: ='2'!$BV$20 -> 0 | FX7: ='2'!$BW$20 -> 0 | FY7: ='2'!$BX$20 -> 0 | FZ7: ='2'!$BY$20 -> 0 | GA7: ='2'!$BN$21 -> 0 | GB7: ='2'!$BO$21 -> 0 | GC7: ='2'!$BP$21 -> 0 | GD7: ='2'!$BQ$21 -> 0 | GE7: ='2'!$BR$21 -> 0 | GF7: ='2'!$BS$21 -> 0 | GG7: ='2'!$BT$21 -> 0 | GH7: ='2'!$BU$21 -> 0 | GI7: ='2'!$BV$21 -> 0 | GJ7: ='2'!$BW$21 -> 0 | GK7: ='2'!$BX$21 -> 0 | GL7: ='2'!$BY$21 -> 0 | GM7: ='2'!$BN$22 -> 0 | GN7: ='2'!$BO$22 -> 0 | GO7: ='2'!$BP$22 -> 0 | GP7: ='2'!$BQ$22 -> 0 | GQ7: ='2'!$BR$22 -> 0 | GR7: ='2'!$BS$22 -> 0 | GS7: ='2'!$BT$22 -> 0 | GT7: ='2'!$BU$22 -> 0 | GU7: ='2'!$BV$22 -> 0 | GV7: ='2'!$BW$22 -> 0 | GW7: ='2'!$BX$22 -> 0 | GX7: ='2'!$BY$22 -> 0 | GY7: ='2'!$BN$23 -> 0 | GZ7: ='2'!$BO$23 -> 0 | HA7: ='2'!$BP$23 -> 0 | HB7: ='2'!$BQ$23 -> 0 | HC7: ='2'!$BR$23 -> 0 | HD7: ='2'!$BS$23 -> 0 | HE7: ='2'!$BT$23 -> 0 | HF7: ='2'!$BU$23 -> 0 | HG7: ='2'!$BV$23 -> 0 | HH7: ='2'!$BW$23 -> 0 | HI7: ='2'!$BX$23 -> 0 | HJ7: ='2'!$BY$23 -> 0 | HK7: ='2'!$BN$24 -> 0 | HL7: ='2'!$BO$24 -> 0 | HM7: ='2'!$BP$24 -> 0 | HN7: ='2'!$BQ$24 -> 0 | HO7: ='2'!$BR$24 -> 0 | HP7: ='2'!$BS$24 -> 0 | HQ7: ='2'!$BT$24 -> 0 | HR7: ='2'!$BU$24 -> 0 | HS7: ='2'!$BV$24 -> 0 | HT7: ='2'!$BW$24 -> 0 | HU7: ='2'!$BX$24 -> 0 | HV7: ='2'!$BY$24 -> 0 | HW7: ='2'!$BN$25 -> 0 | HX7: ='2'!$BO$25 -> 0 | HY7: ='2'!$BP$25 -> 0 | HZ7: ='2'!$BQ$25 -> 0 | IA7: ='2'!$BR$25 -> 0 | IB7: ='2'!$BS$25 -> 0 | IC7: ='2'!$BT$25 -> 0 | ID7: ='2'!$BU$25 -> 0 | IE7: ='2'!$BV$25 -> 0 | IF7: ='2'!$BW$25 -> 0 | IG7: ='2'!$BX$25 -> 0 | IH7: ='2'!$BY$25 -> 0 | II7: ='2'!$BN$26 -> 0 | IJ7: ='2'!$BO$26 -> 0 | IK7: ='2'!$BP$26 -> 0 | IL7: ='2'!$BQ$26 -> 0 | IM7: ='2'!$BR$26 -> 0 | IN7: ='2'!$BS$26 -> 0 | IO7: ='2'!$BT$26 -> 0 | IP7: ='2'!$BU$26 -> 0 | IQ7: ='2'!$BV$26 -> 0 | IR7: ='2'!$BW$26 -> 0 | IS7: ='2'!$BX$26 -> 0 | IT7: ='2'!$BY$26 -> 0 | IU7: ='2'!$BN$27 -> 0 | IV7: ='2'!$BO$27 -> 0 | IW7: ='2'!$BP$27 -> 0 | IX7: ='2'!$BQ$27 -> 0 | IY7: ='2'!$BR$27 -> 0 | IZ7: ='2'!$BS$27 -> 0 | JA7: ='2'!$BT$27 -> 0 | JB7: ='2'!$BU$27 -> 0 | JC7: ='2'!$BV$27 -> 0 | JD7: ='2'!$BW$27 -> 0 | JE7: ='2'!$BX$27 -> 0 | JF7: ='2'!$BY$27 -> 0 | JG7: ='2'!$BN$28 -> 0 | JH7: ='2'!$BO$28 -> 0 | JI7: ='2'!$BP$28 -> 0 | JJ7: ='2'!$BQ$28 -> 0 | JK7: ='2'!$BR$28 -> 0 | JL7: ='2'!$BS$28 -> 0 | JM7: ='2'!$BT$28 -> 0 | JN7: ='2'!$BU$28 -> 0 | JO7: ='2'!$BV$28 -> 0 | JP7: ='2'!$BW$28 -> 0 | JQ7: ='2'!$BX$28 -> 0 | JR7: ='2'!$BY$28 -> 0 | JS7: ='2'!$BN$29 -> 0 | JT7: ='2'!$BO$29 -> 0 | JU7: ='2'!$BP$29 -> 0 | JV7: ='2'!$BQ$29 -> 0 | JW7: ='2'!$BR$29 -> 0 | JX7: ='2'!$BS$29 -> 0 | JY7: ='2'!$BT$29 -> 0 | JZ7: ='2'!$BU$29 -> 0 | KA7: ='2'!$BV$29 -> 0 | KB7: ='2'!$BW$29 -> 0 | KC7: ='2'!$BX$29 -> 0 | KD7: ='2'!$BY$29 -> 0
A8: 46176 | C8: ='3'!$BN$6 -> 0 | D8: ='3'!$BO$6 -> 0 | E8: ='3'!$BP$6 -> 0 | F8: ='3'!$BQ$6 -> 0 | G8: ='3'!$BR$6 -> 0 | H8: ='3'!$BS$6 -> 0 | I8: ='3'!$BT$6 -> 0 | J8: ='3'!$BU$6 -> 0 | K8: ='3'!$BV$6 -> 0 | L8: ='3'!$BW$6 -> 0 | M8: ='3'!$BX$6 -> 0 | N8: ='3'!$BY$6 -> 0 | O8: ='3'!$BN$7 -> 0 | P8: ='3'!$BO$7 -> 0 | Q8: ='3'!$BP$7 -> 0 | R8: ='3'!$BQ$7 -> 0 | S8: ='3'!$BR$7 -> 0 | T8: ='3'!$BS$7 -> 0 | U8: ='3'!$BT$7 -> 0 | V8: ='3'!$BU$7 -> 0 | W8: ='3'!$BV$7 -> 0 | X8: ='3'!$BW$7 -> 0 | Y8: ='3'!$BX$7 -> 0 | Z8: ='3'!$BY$7 -> 0 | AA8: ='3'!$BN$8 -> 0 | AB8: ='3'!$BO$8 -> 0 | AC8: ='3'!$BP$8 -> 0 | AD8: ='3'!$BQ$8 -> 0 | AE8: ='3'!$BR$8 -> 0 | AF8: ='3'!$BS$8 -> 0 | AG8: ='3'!$BT$8 -> 0 | AH8: ='3'!$BU$8 -> 0 | AI8: ='3'!$BV$8 -> 0 | AJ8: ='3'!$BW$8 -> 0 | AK8: ='3'!$BX$8 -> 0 | AL8: ='3'!$BY$8 -> 0 | AM8: ='3'!$BN$9 -> 0 | AN8: ='3'!$BO$9 -> 0 | AO8: ='3'!$BP$9 -> 0 | AP8: ='3'!$BQ$9 -> 0 | AQ8: ='3'!$BR$9 -> 0 | AR8: ='3'!$BS$9 -> 0 | AS8: ='3'!$BT$9 -> 0 | AT8: ='3'!$BU$9 -> 0 | AU8: ='3'!$BV$9 -> 0 | AV8: ='3'!$BW$9 -> 0 | AW8: ='3'!$BX$9 -> 0 | AX8: ='3'!$BY$9 -> 0 | AY8: ='3'!$BN$10 -> 0 | AZ8: ='3'!$BO$10 -> 0 | BA8: ='3'!$BP$10 -> 0 | BB8: ='3'!$BQ$10 -> 0 | BC8: ='3'!$BR$10 -> 0 | BD8: ='3'!$BS$10 -> 0 | BE8: ='3'!$BT$10 -> 0 | BF8: ='3'!$BU$10 -> 0 | BG8: ='3'!$BV$10 -> 0 | BH8: ='3'!$BW$10 -> 0 | BI8: ='3'!$BX$10 -> 0 | BJ8: ='3'!$BY$10 -> 0 | BK8: ='3'!$BN$11 -> 0 | BL8: ='3'!$BO$11 -> 0 | BM8: ='3'!$BP$11 -> 0 | BN8: ='3'!$BQ$11 -> 0 | BO8: ='3'!$BR$11 -> 0 | BP8: ='3'!$BS$11 -> 0 | BQ8: ='3'!$BT$11 -> 0 | BR8: ='3'!$BU$11 -> 0 | BS8: ='3'!$BV$11 -> 0 | BT8: ='3'!$BW$11 -> 0 | BU8: ='3'!$BX$11 -> 0 | BV8: ='3'!$BY$11 -> 0 | BW8: ='3'!$BN$12 -> 0 | BX8: ='3'!$BO$12 -> 0 | BY8: ='3'!$BP$12 -> 0 | BZ8: ='3'!$BQ$12 -> 0 | CA8: ='3'!$BR$12 -> 0 | CB8: ='3'!$BS$12 -> 0 | CC8: ='3'!$BT$12 -> 0 | CD8: ='3'!$BU$12 -> 0 | CE8: ='3'!$BV$12 -> 0 | CF8: ='3'!$BW$12 -> 0 | CG8: ='3'!$BX$12 -> 0 | CH8: ='3'!$BY$12 -> 0 | CI8: ='3'!$BN$13 -> 0 | CJ8: ='3'!$BO$13 -> 0 | CK8: ='3'!$BP$13 -> 0 | CL8: ='3'!$BQ$13 -> 0 | CM8: ='3'!$BR$13 -> 0 | CN8: ='3'!$BS$13 -> 0 | CO8: ='3'!$BT$13 -> 0 | CP8: ='3'!$BU$13 -> 0 | CQ8: ='3'!$BV$13 -> 0 | CR8: ='3'!$BW$13 -> 0 | CS8: ='3'!$BX$13 -> 0 | CT8: ='3'!$BY$13 -> 0 | CU8: ='3'!$BN$14 -> 0 | CV8: ='3'!$BO$14 -> 0 | CW8: ='3'!$BP$14 -> 0 | CX8: ='3'!$BQ$14 -> 0 | CY8: ='3'!$BR$14 -> 0 | CZ8: ='3'!$BS$14 -> 0 | DA8: ='3'!$BT$14 -> 0 | DB8: ='3'!$BU$14 -> 0 | DC8: ='3'!$BV$14 -> 0 | DD8: ='3'!$BW$14 -> 0 | DE8: ='3'!$BX$14 -> 0 | DF8: ='3'!$BY$14 -> 0 | DG8: ='3'!$BN$15 -> 0 | DH8: ='3'!$BO$15 -> 0 | DI8: ='3'!$BP$15 -> 0 | DJ8: ='3'!$BQ$15 -> 0 | DK8: ='3'!$BR$15 -> 0 | DL8: ='3'!$BS$15 -> 0 | DM8: ='3'!$BT$15 -> 0 | DN8: ='3'!$BU$15 -> 0 | DO8: ='3'!$BV$15 -> 0 | DP8: ='3'!$BW$15 -> 0 | DQ8: ='3'!$BX$15 -> 0 | DR8: ='3'!$BY$15 -> 0 | DS8: ='3'!$BN$16 -> 0 | DT8: ='3'!$BO$16 -> 0 | DU8: ='3'!$BP$16 -> 0 | DV8: ='3'!$BQ$16 -> 0 | DW8: ='3'!$BR$16 -> 0 | DX8: ='3'!$BS$16 -> 0 | DY8: ='3'!$BT$16 -> 0 | DZ8: ='3'!$BU$16 -> 0 | EA8: ='3'!$BV$16 -> 0 | EB8: ='3'!$BW$16 -> 0 | EC8: ='3'!$BX$16 -> 0 | ED8: ='3'!$BY$16 -> 0 | EE8: ='3'!$BN$17 -> 0 | EF8: ='3'!$BO$17 -> 0 | EG8: ='3'!$BP$17 -> 0 | EH8: ='3'!$BQ$17 -> 0 | EI8: ='3'!$BR$17 -> 0 | EJ8: ='3'!$BS$17 -> 0 | EK8: ='3'!$BT$17 -> 0 | EL8: ='3'!$BU$17 -> 0 | EM8: ='3'!$BV$17 -> 0 | EN8: ='3'!$BW$17 -> 0 | EO8: ='3'!$BX$17 -> 0 | EP8: ='3'!$BY$17 -> 0 | EQ8: ='3'!$BN$18 -> 0 | ER8: ='3'!$BO$18 -> 0 | ES8: ='3'!$BP$18 -> 0 | ET8: ='3'!$BQ$18 -> 0 | EU8: ='3'!$BR$18 -> 0 | EV8: ='3'!$BS$18 -> 0 | EW8: ='3'!$BT$18 -> 0 | EX8: ='3'!$BU$18 -> 0 | EY8: ='3'!$BV$18 -> 0 | EZ8: ='3'!$BW$18 -> 0 | FA8: ='3'!$BX$18 -> 0 | FB8: ='3'!$BY$18 -> 0 | FC8: ='3'!$BN$19 -> 0 | FD8: ='3'!$BO$19 -> 0 | FE8: ='3'!$BP$19 -> 0 | FF8: ='3'!$BQ$19 -> 0 | FG8: ='3'!$BR$19 -> 0 | FH8: ='3'!$BS$19 -> 0 | FI8: ='3'!$BT$19 -> 0 | FJ8: ='3'!$BU$19 -> 0 | FK8: ='3'!$BV$19 -> 0 | FL8: ='3'!$BW$19 -> 0 | FM8: ='3'!$BX$19 -> 0 | FN8: ='3'!$BY$19 -> 0 | FO8: ='3'!$BN$20 -> 0 | FP8: ='3'!$BO$20 -> 0 | FQ8: ='3'!$BP$20 -> 0 | FR8: ='3'!$BQ$20 -> 0 | FS8: ='3'!$BR$20 -> 0 | FT8: ='3'!$BS$20 -> 0 | FU8: ='3'!$BT$20 -> 0 | FV8: ='3'!$BU$20 -> 0 | FW8: ='3'!$BV$20 -> 0 | FX8: ='3'!$BW$20 -> 0 | FY8: ='3'!$BX$20 -> 0 | FZ8: ='3'!$BY$20 -> 0 | GA8: ='3'!$BN$21 -> 0 | GB8: ='3'!$BO$21 -> 0 | GC8: ='3'!$BP$21 -> 0 | GD8: ='3'!$BQ$21 -> 0 | GE8: ='3'!$BR$21 -> 0 | GF8: ='3'!$BS$21 -> 0 | GG8: ='3'!$BT$21 -> 0 | GH8: ='3'!$BU$21 -> 0 | GI8: ='3'!$BV$21 -> 0 | GJ8: ='3'!$BW$21 -> 0 | GK8: ='3'!$BX$21 -> 0 | GL8: ='3'!$BY$21 -> 0 | GM8: ='3'!$BN$22 -> 0 | GN8: ='3'!$BO$22 -> 0 | GO8: ='3'!$BP$22 -> 0 | GP8: ='3'!$BQ$22 -> 0 | GQ8: ='3'!$BR$22 -> 0 | GR8: ='3'!$BS$22 -> 0 | GS8: ='3'!$BT$22 -> 0 | GT8: ='3'!$BU$22 -> 0 | GU8: ='3'!$BV$22 -> 0 | GV8: ='3'!$BW$22 -> 0 | GW8: ='3'!$BX$22 -> 0 | GX8: ='3'!$BY$22 -> 0 | GY8: ='3'!$BN$23 -> 0 | GZ8: ='3'!$BO$23 -> 0 | HA8: ='3'!$BP$23 -> 0 | HB8: ='3'!$BQ$23 -> 0 | HC8: ='3'!$BR$23 -> 0 | HD8: ='3'!$BS$23 -> 0 | HE8: ='3'!$BT$23 -> 0 | HF8: ='3'!$BU$23 -> 0 | HG8: ='3'!$BV$23 -> 0 | HH8: ='3'!$BW$23 -> 0 | HI8: ='3'!$BX$23 -> 0 | HJ8: ='3'!$BY$23 -> 0 | HK8: ='3'!$BN$24 -> 0 | HL8: ='3'!$BO$24 -> 0 | HM8: ='3'!$BP$24 -> 0 | HN8: ='3'!$BQ$24 -> 0 | HO8: ='3'!$BR$24 -> 0 | HP8: ='3'!$BS$24 -> 0 | HQ8: ='3'!$BT$24 -> 0 | HR8: ='3'!$BU$24 -> 0 | HS8: ='3'!$BV$24 -> 0 | HT8: ='3'!$BW$24 -> 0 | HU8: ='3'!$BX$24 -> 0 | HV8: ='3'!$BY$24 -> 0 | HW8: ='3'!$BN$25 -> 0 | HX8: ='3'!$BO$25 -> 0 | HY8: ='3'!$BP$25 -> 0 | HZ8: ='3'!$BQ$25 -> 0 | IA8: ='3'!$BR$25 -> 0 | IB8: ='3'!$BS$25 -> 0 | IC8: ='3'!$BT$25 -> 0 | ID8: ='3'!$BU$25 -> 0 | IE8: ='3'!$BV$25 -> 0 | IF8: ='3'!$BW$25 -> 0 | IG8: ='3'!$BX$25 -> 0 | IH8: ='3'!$BY$25 -> 0 | II8: ='3'!$BN$26 -> 0 | IJ8: ='3'!$BO$26 -> 0 | IK8: ='3'!$BP$26 -> 0 | IL8: ='3'!$BQ$26 -> 0 | IM8: ='3'!$BR$26 -> 0 | IN8: ='3'!$BS$26 -> 0 | IO8: ='3'!$BT$26 -> 0 | IP8: ='3'!$BU$26 -> 0 | IQ8: ='3'!$BV$26 -> 0 | IR8: ='3'!$BW$26 -> 0 | IS8: ='3'!$BX$26 -> 0 | IT8: ='3'!$BY$26 -> 0 | IU8: ='3'!$BN$27 -> 0 | IV8: ='3'!$BO$27 -> 0 | IW8: ='3'!$BP$27 -> 0 | IX8: ='3'!$BQ$27 -> 0 | IY8: ='3'!$BR$27 -> 0 | IZ8: ='3'!$BS$27 -> 0 | JA8: ='3'!$BT$27 -> 0 | JB8: ='3'!$BU$27 -> 0 | JC8: ='3'!$BV$27 -> 0 | JD8: ='3'!$BW$27 -> 0 | JE8: ='3'!$BX$27 -> 0 | JF8: ='3'!$BY$27 -> 0 | JG8: ='3'!$BN$28 -> 0 | JH8: ='3'!$BO$28 -> 0 | JI8: ='3'!$BP$28 -> 0 | JJ8: ='3'!$BQ$28 -> 0 | JK8: ='3'!$BR$28 -> 0 | JL8: ='3'!$BS$28 -> 0 | JM8: ='3'!$BT$28 -> 0 | JN8: ='3'!$BU$28 -> 0 | JO8: ='3'!$BV$28 -> 0 | JP8: ='3'!$BW$28 -> 0 | JQ8: ='3'!$BX$28 -> 0 | JR8: ='3'!$BY$28 -> 0 | JS8: ='3'!$BN$29 -> 0 | JT8: ='3'!$BO$29 -> 0 | JU8: ='3'!$BP$29 -> 0 | JV8: ='3'!$BQ$29 -> 0 | JW8: ='3'!$BR$29 -> 0 | JX8: ='3'!$BS$29 -> 0 | JY8: ='3'!$BT$29 -> 0 | JZ8: ='3'!$BU$29 -> 0 | KA8: ='3'!$BV$29 -> 0 | KB8: ='3'!$BW$29 -> 0 | KC8: ='3'!$BX$29 -> 0 | KD8: ='3'!$BY$29 -> 0
A9: 46177 | C9: ='4'!$BN$6 -> 0 | D9: ='4'!$BO$6 -> 0 | E9: ='4'!$BP$6 -> 0 | F9: ='4'!$BQ$6 -> 0 | G9: ='4'!$BR$6 -> 0 | H9: ='4'!$BS$6 -> 0 | I9: ='4'!$BT$6 -> 0 | J9: ='4'!$BU$6 -> 0 | K9: ='4'!$BV$6 -> 0 | L9: ='4'!$BW$6 -> 0 | M9: ='4'!$BX$6 -> 0 | N9: ='4'!$BY$6 -> 0 | O9: ='4'!$BN$7 -> 0 | P9: ='4'!$BO$7 -> 0 | Q9: ='4'!$BP$7 -> 0 | R9: ='4'!$BQ$7 -> 0 | S9: ='4'!$BR$7 -> 0 | T9: ='4'!$BS$7 -> 0 | U9: ='4'!$BT$7 -> 0 | V9: ='4'!$BU$7 -> 0 | W9: ='4'!$BV$7 -> 0 | X9: ='4'!$BW$7 -> 0 | Y9: ='4'!$BX$7 -> 0 | Z9: ='4'!$BY$7 -> 0 | AA9: ='4'!$BN$8 -> 0 | AB9: ='4'!$BO$8 -> 0 | AC9: ='4'!$BP$8 -> 0 | AD9: ='4'!$BQ$8 -> 0 | AE9: ='4'!$BR$8 -> 0 | AF9: ='4'!$BS$8 -> 0 | AG9: ='4'!$BT$8 -> 0 | AH9: ='4'!$BU$8 -> 0 | AI9: ='4'!$BV$8 -> 0 | AJ9: ='4'!$BW$8 -> 0 | AK9: ='4'!$BX$8 -> 0 | AL9: ='4'!$BY$8 -> 0 | AM9: ='4'!$BN$9 -> 0 | AN9: ='4'!$BO$9 -> 0 | AO9: ='4'!$BP$9 -> 0 | AP9: ='4'!$BQ$9 -> 0 | AQ9: ='4'!$BR$9 -> 0 | AR9: ='4'!$BS$9 -> 0 | AS9: ='4'!$BT$9 -> 0 | AT9: ='4'!$BU$9 -> 0 | AU9: ='4'!$BV$9 -> 0 | AV9: ='4'!$BW$9 -> 0 | AW9: ='4'!$BX$9 -> 0 | AX9: ='4'!$BY$9 -> 0 | AY9: ='4'!$BN$10 -> 0 | AZ9: ='4'!$BO$10 -> 0 | BA9: ='4'!$BP$10 -> 0 | BB9: ='4'!$BQ$10 -> 0 | BC9: ='4'!$BR$10 -> 0 | BD9: ='4'!$BS$10 -> 0 | BE9: ='4'!$BT$10 -> 0 | BF9: ='4'!$BU$10 -> 0 | BG9: ='4'!$BV$10 -> 0 | BH9: ='4'!$BW$10 -> 0 | BI9: ='4'!$BX$10 -> 0 | BJ9: ='4'!$BY$10 -> 0 | BK9: ='4'!$BN$11 -> 0 | BL9: ='4'!$BO$11 -> 0 | BM9: ='4'!$BP$11 -> 0 | BN9: ='4'!$BQ$11 -> 0 | BO9: ='4'!$BR$11 -> 0 | BP9: ='4'!$BS$11 -> 0 | BQ9: ='4'!$BT$11 -> 0 | BR9: ='4'!$BU$11 -> 0 | BS9: ='4'!$BV$11 -> 0 | BT9: ='4'!$BW$11 -> 0 | BU9: ='4'!$BX$11 -> 0 | BV9: ='4'!$BY$11 -> 0 | BW9: ='4'!$BN$12 -> 0 | BX9: ='4'!$BO$12 -> 0 | BY9: ='4'!$BP$12 -> 0 | BZ9: ='4'!$BQ$12 -> 0 | CA9: ='4'!$BR$12 -> 0 | CB9: ='4'!$BS$12 -> 0 | CC9: ='4'!$BT$12 -> 0 | CD9: ='4'!$BU$12 -> 0 | CE9: ='4'!$BV$12 -> 0 | CF9: ='4'!$BW$12 -> 0 | CG9: ='4'!$BX$12 -> 0 | CH9: ='4'!$BY$12 -> 0 | CI9: ='4'!$BN$13 -> 0 | CJ9: ='4'!$BO$13 -> 0 | CK9: ='4'!$BP$13 -> 0 | CL9: ='4'!$BQ$13 -> 0 | CM9: ='4'!$BR$13 -> 0 | CN9: ='4'!$BS$13 -> 0 | CO9: ='4'!$BT$13 -> 0 | CP9: ='4'!$BU$13 -> 0 | CQ9: ='4'!$BV$13 -> 0 | CR9: ='4'!$BW$13 -> 0 | CS9: ='4'!$BX$13 -> 0 | CT9: ='4'!$BY$13 -> 0 | CU9: ='4'!$BN$14 -> 0 | CV9: ='4'!$BO$14 -> 0 | CW9: ='4'!$BP$14 -> 0 | CX9: ='4'!$BQ$14 -> 0 | CY9: ='4'!$BR$14 -> 0 | CZ9: ='4'!$BS$14 -> 0 | DA9: ='4'!$BT$14 -> 0 | DB9: ='4'!$BU$14 -> 0 | DC9: ='4'!$BV$14 -> 0 | DD9: ='4'!$BW$14 -> 0 | DE9: ='4'!$BX$14 -> 0 | DF9: ='4'!$BY$14 -> 0 | DG9: ='4'!$BN$15 -> 0 | DH9: ='4'!$BO$15 -> 0 | DI9: ='4'!$BP$15 -> 0 | DJ9: ='4'!$BQ$15 -> 0 | DK9: ='4'!$BR$15 -> 0 | DL9: ='4'!$BS$15 -> 0 | DM9: ='4'!$BT$15 -> 0 | DN9: ='4'!$BU$15 -> 0 | DO9: ='4'!$BV$15 -> 0 | DP9: ='4'!$BW$15 -> 0 | DQ9: ='4'!$BX$15 -> 0 | DR9: ='4'!$BY$15 -> 0 | DS9: ='4'!$BN$16 -> 0 | DT9: ='4'!$BO$16 -> 0 | DU9: ='4'!$BP$16 -> 0 | DV9: ='4'!$BQ$16 -> 0 | DW9: ='4'!$BR$16 -> 0 | DX9: ='4'!$BS$16 -> 0 | DY9: ='4'!$BT$16 -> 0 | DZ9: ='4'!$BU$16 -> 0 | EA9: ='4'!$BV$16 -> 0 | EB9: ='4'!$BW$16 -> 0 | EC9: ='4'!$BX$16 -> 0 | ED9: ='4'!$BY$16 -> 0 | EE9: ='4'!$BN$17 -> 0 | EF9: ='4'!$BO$17 -> 0 | EG9: ='4'!$BP$17 -> 0 | EH9: ='4'!$BQ$17 -> 0 | EI9: ='4'!$BR$17 -> 0 | EJ9: ='4'!$BS$17 -> 0 | EK9: ='4'!$BT$17 -> 0 | EL9: ='4'!$BU$17 -> 0 | EM9: ='4'!$BV$17 -> 0 | EN9: ='4'!$BW$17 -> 0 | EO9: ='4'!$BX$17 -> 0 | EP9: ='4'!$BY$17 -> 0 | EQ9: ='4'!$BN$18 -> 0 | ER9: ='4'!$BO$18 -> 0 | ES9: ='4'!$BP$18 -> 0 | ET9: ='4'!$BQ$18 -> 0 | EU9: ='4'!$BR$18 -> 0 | EV9: ='4'!$BS$18 -> 0 | EW9: ='4'!$BT$18 -> 0 | EX9: ='4'!$BU$18 -> 0 | EY9: ='4'!$BV$18 -> 0 | EZ9: ='4'!$BW$18 -> 0 | FA9: ='4'!$BX$18 -> 0 | FB9: ='4'!$BY$18 -> 0 | FC9: ='4'!$BN$19 -> 0 | FD9: ='4'!$BO$19 -> 0 | FE9: ='4'!$BP$19 -> 0 | FF9: ='4'!$BQ$19 -> 0 | FG9: ='4'!$BR$19 -> 0 | FH9: ='4'!$BS$19 -> 0 | FI9: ='4'!$BT$19 -> 0 | FJ9: ='4'!$BU$19 -> 0 | FK9: ='4'!$BV$19 -> 0 | FL9: ='4'!$BW$19 -> 0 | FM9: ='4'!$BX$19 -> 0 | FN9: ='4'!$BY$19 -> 0 | FO9: ='4'!$BN$20 -> 0 | FP9: ='4'!$BO$20 -> 0 | FQ9: ='4'!$BP$20 -> 0 | FR9: ='4'!$BQ$20 -> 0 | FS9: ='4'!$BR$20 -> 0 | FT9: ='4'!$BS$20 -> 0 | FU9: ='4'!$BT$20 -> 0 | FV9: ='4'!$BU$20 -> 0 | FW9: ='4'!$BV$20 -> 0 | FX9: ='4'!$BW$20 -> 0 | FY9: ='4'!$BX$20 -> 0 | FZ9: ='4'!$BY$20 -> 0 | GA9: ='4'!$BN$21 -> 0 | GB9: ='4'!$BO$21 -> 0 | GC9: ='4'!$BP$21 -> 0 | GD9: ='4'!$BQ$21 -> 0 | GE9: ='4'!$BR$21 -> 0 | GF9: ='4'!$BS$21 -> 0 | GG9: ='4'!$BT$21 -> 0 | GH9: ='4'!$BU$21 -> 0 | GI9: ='4'!$BV$21 -> 0 | GJ9: ='4'!$BW$21 -> 0 | GK9: ='4'!$BX$21 -> 0 | GL9: ='4'!$BY$21 -> 0 | GM9: ='4'!$BN$22 -> 0 | GN9: ='4'!$BO$22 -> 0 | GO9: ='4'!$BP$22 -> 0 | GP9: ='4'!$BQ$22 -> 0 | GQ9: ='4'!$BR$22 -> 0 | GR9: ='4'!$BS$22 -> 0 | GS9: ='4'!$BT$22 -> 0 | GT9: ='4'!$BU$22 -> 0 | GU9: ='4'!$BV$22 -> 0 | GV9: ='4'!$BW$22 -> 0 | GW9: ='4'!$BX$22 -> 0 | GX9: ='4'!$BY$22 -> 0 | GY9: ='4'!$BN$23 -> 0 | GZ9: ='4'!$BO$23 -> 0 | HA9: ='4'!$BP$23 -> 0 | HB9: ='4'!$BQ$23 -> 0 | HC9: ='4'!$BR$23 -> 0 | HD9: ='4'!$BS$23 -> 0 | HE9: ='4'!$BT$23 -> 0 | HF9: ='4'!$BU$23 -> 0 | HG9: ='4'!$BV$23 -> 0 | HH9: ='4'!$BW$23 -> 0 | HI9: ='4'!$BX$23 -> 0 | HJ9: ='4'!$BY$23 -> 0 | HK9: ='4'!$BN$24 -> 0 | HL9: ='4'!$BO$24 -> 0 | HM9: ='4'!$BP$24 -> 0 | HN9: ='4'!$BQ$24 -> 0 | HO9: ='4'!$BR$24 -> 0 | HP9: ='4'!$BS$24 -> 0 | HQ9: ='4'!$BT$24 -> 0 | HR9: ='4'!$BU$24 -> 0 | HS9: ='4'!$BV$24 -> 0 | HT9: ='4'!$BW$24 -> 0 | HU9: ='4'!$BX$24 -> 0 | HV9: ='4'!$BY$24 -> 0 | HW9: ='4'!$BN$25 -> 0 | HX9: ='4'!$BO$25 -> 0 | HY9: ='4'!$BP$25 -> 0 | HZ9: ='4'!$BQ$25 -> 0 | IA9: ='4'!$BR$25 -> 0 | IB9: ='4'!$BS$25 -> 0 | IC9: ='4'!$BT$25 -> 0 | ID9: ='4'!$BU$25 -> 0 | IE9: ='4'!$BV$25 -> 0 | IF9: ='4'!$BW$25 -> 0 | IG9: ='4'!$BX$25 -> 0 | IH9: ='4'!$BY$25 -> 0 | II9: ='4'!$BN$26 -> 0 | IJ9: ='4'!$BO$26 -> 0 | IK9: ='4'!$BP$26 -> 0 | IL9: ='4'!$BQ$26 -> 0 | IM9: ='4'!$BR$26 -> 0 | IN9: ='4'!$BS$26 -> 0 | IO9: ='4'!$BT$26 -> 0 | IP9: ='4'!$BU$26 -> 0 | IQ9: ='4'!$BV$26 -> 0 | IR9: ='4'!$BW$26 -> 0 | IS9: ='4'!$BX$26 -> 0 | IT9: ='4'!$BY$26 -> 0 | IU9: ='4'!$BN$27 -> 0 | IV9: ='4'!$BO$27 -> 0 | IW9: ='4'!$BP$27 -> 0 | IX9: ='4'!$BQ$27 -> 0 | IY9: ='4'!$BR$27 -> 0 | IZ9: ='4'!$BS$27 -> 0 | JA9: ='4'!$BT$27 -> 0 | JB9: ='4'!$BU$27 -> 0 | JC9: ='4'!$BV$27 -> 0 | JD9: ='4'!$BW$27 -> 0 | JE9: ='4'!$BX$27 -> 0 | JF9: ='4'!$BY$27 -> 0 | JG9: ='4'!$BN$28 -> 0 | JH9: ='4'!$BO$28 -> 0 | JI9: ='4'!$BP$28 -> 0 | JJ9: ='4'!$BQ$28 -> 0 | JK9: ='4'!$BR$28 -> 0 | JL9: ='4'!$BS$28 -> 0 | JM9: ='4'!$BT$28 -> 0 | JN9: ='4'!$BU$28 -> 0 | JO9: ='4'!$BV$28 -> 0 | JP9: ='4'!$BW$28 -> 0 | JQ9: ='4'!$BX$28 -> 0 | JR9: ='4'!$BY$28 -> 0 | JS9: ='4'!$BN$29 -> 0 | JT9: ='4'!$BO$29 -> 0 | JU9: ='4'!$BP$29 -> 0 | JV9: ='4'!$BQ$29 -> 0 | JW9: ='4'!$BR$29 -> 0 | JX9: ='4'!$BS$29 -> 0 | JY9: ='4'!$BT$29 -> 0 | JZ9: ='4'!$BU$29 -> 0 | KA9: ='4'!$BV$29 -> 0 | KB9: ='4'!$BW$29 -> 0 | KC9: ='4'!$BX$29 -> 0 | KD9: ='4'!$BY$29 -> 0
A10: 46178 | C10: ='5'!$BN$6 -> 0 | D10: ='5'!$BO$6 -> 0 | E10: ='5'!$BP$6 -> 0 | F10: ='5'!$BQ$6 -> 0 | G10: ='5'!$BR$6 -> 0 | H10: ='5'!$BS$6 -> 0 | I10: ='5'!$BT$6 -> 0 | J10: ='5'!$BU$6 -> 0 | K10: ='5'!$BV$6 -> 0 | L10: ='5'!$BW$6 -> 0 | M10: ='5'!$BX$6 -> 0 | N10: ='5'!$BY$6 -> 0 | O10: ='5'!$BN$7 -> 0 | P10: ='5'!$BO$7 -> 0 | Q10: ='5'!$BP$7 -> 0 | R10: ='5'!$BQ$7 -> 0 | S10: ='5'!$BR$7 -> 0 | T10: ='5'!$BS$7 -> 0 | U10: ='5'!$BT$7 -> 0 | V10: ='5'!$BU$7 -> 0 | W10: ='5'!$BV$7 -> 0 | X10: ='5'!$BW$7 -> 0 | Y10: ='5'!$BX$7 -> 0 | Z10: ='5'!$BY$7 -> 0 | AA10: ='5'!$BN$8 -> 0 | AB10: ='5'!$BO$8 -> 0 | AC10: ='5'!$BP$8 -> 0 | AD10: ='5'!$BQ$8 -> 0 | AE10: ='5'!$BR$8 -> 0 | AF10: ='5'!$BS$8 -> 0 | AG10: ='5'!$BT$8 -> 0 | AH10: ='5'!$BU$8 -> 0 | AI10: ='5'!$BV$8 -> 0 | AJ10: ='5'!$BW$8 -> 0 | AK10: ='5'!$BX$8 -> 0 | AL10: ='5'!$BY$8 -> 0 | AM10: ='5'!$BN$9 -> 0 | AN10: ='5'!$BO$9 -> 0 | AO10: ='5'!$BP$9 -> 0 | AP10: ='5'!$BQ$9 -> 0 | AQ10: ='5'!$BR$9 -> 0 | AR10: ='5'!$BS$9 -> 0 | AS10: ='5'!$BT$9 -> 0 | AT10: ='5'!$BU$9 -> 0 | AU10: ='5'!$BV$9 -> 0 | AV10: ='5'!$BW$9 -> 0 | AW10: ='5'!$BX$9 -> 0 | AX10: ='5'!$BY$9 -> 0 | AY10: ='5'!$BN$10 -> 0 | AZ10: ='5'!$BO$10 -> 0 | BA10: ='5'!$BP$10 -> 0 | BB10: ='5'!$BQ$10 -> 0 | BC10: ='5'!$BR$10 -> 0 | BD10: ='5'!$BS$10 -> 0 | BE10: ='5'!$BT$10 -> 0 | BF10: ='5'!$BU$10 -> 0 | BG10: ='5'!$BV$10 -> 0 | BH10: ='5'!$BW$10 -> 0 | BI10: ='5'!$BX$10 -> 0 | BJ10: ='5'!$BY$10 -> 0 | BK10: ='5'!$BN$11 -> 0 | BL10: ='5'!$BO$11 -> 0 | BM10: ='5'!$BP$11 -> 0 | BN10: ='5'!$BQ$11 -> 0 | BO10: ='5'!$BR$11 -> 0 | BP10: ='5'!$BS$11 -> 0 | BQ10: ='5'!$BT$11 -> 0 | BR10: ='5'!$BU$11 -> 0 | BS10: ='5'!$BV$11 -> 0 | BT10: ='5'!$BW$11 -> 0 | BU10: ='5'!$BX$11 -> 0 | BV10: ='5'!$BY$11 -> 0 | BW10: ='5'!$BN$12 -> 0 | BX10: ='5'!$BO$12 -> 0 | BY10: ='5'!$BP$12 -> 0 | BZ10: ='5'!$BQ$12 -> 0 | CA10: ='5'!$BR$12 -> 0 | CB10: ='5'!$BS$12 -> 0 | CC10: ='5'!$BT$12 -> 0 | CD10: ='5'!$BU$12 -> 0 | CE10: ='5'!$BV$12 -> 0 | CF10: ='5'!$BW$12 -> 0 | CG10: ='5'!$BX$12 -> 0 | CH10: ='5'!$BY$12 -> 0 | CI10: ='5'!$BN$13 -> 0 | CJ10: ='5'!$BO$13 -> 0 | CK10: ='5'!$BP$13 -> 0 | CL10: ='5'!$BQ$13 -> 0 | CM10: ='5'!$BR$13 -> 0 | CN10: ='5'!$BS$13 -> 0 | CO10: ='5'!$BT$13 -> 0 | CP10: ='5'!$BU$13 -> 0 | CQ10: ='5'!$BV$13 -> 0 | CR10: ='5'!$BW$13 -> 0 | CS10: ='5'!$BX$13 -> 0 | CT10: ='5'!$BY$13 -> 0 | CU10: ='5'!$BN$14 -> 0 | CV10: ='5'!$BO$14 -> 0 | CW10: ='5'!$BP$14 -> 0 | CX10: ='5'!$BQ$14 -> 0 | CY10: ='5'!$BR$14 -> 0 | CZ10: ='5'!$BS$14 -> 0 | DA10: ='5'!$BT$14 -> 0 | DB10: ='5'!$BU$14 -> 0 | DC10: ='5'!$BV$14 -> 0 | DD10: ='5'!$BW$14 -> 0 | DE10: ='5'!$BX$14 -> 0 | DF10: ='5'!$BY$14 -> 0 | DG10: ='5'!$BN$15 -> 0 | DH10: ='5'!$BO$15 -> 0 | DI10: ='5'!$BP$15 -> 0 | DJ10: ='5'!$BQ$15 -> 0 | DK10: ='5'!$BR$15 -> 0 | DL10: ='5'!$BS$15 -> 0 | DM10: ='5'!$BT$15 -> 0 | DN10: ='5'!$BU$15 -> 0 | DO10: ='5'!$BV$15 -> 0 | DP10: ='5'!$BW$15 -> 0 | DQ10: ='5'!$BX$15 -> 0 | DR10: ='5'!$BY$15 -> 0 | DS10: ='5'!$BN$16 -> 0 | DT10: ='5'!$BO$16 -> 0 | DU10: ='5'!$BP$16 -> 0 | DV10: ='5'!$BQ$16 -> 0 | DW10: ='5'!$BR$16 -> 0 | DX10: ='5'!$BS$16 -> 0 | DY10: ='5'!$BT$16 -> 0 | DZ10: ='5'!$BU$16 -> 0 | EA10: ='5'!$BV$16 -> 0 | EB10: ='5'!$BW$16 -> 0 | EC10: ='5'!$BX$16 -> 0 | ED10: ='5'!$BY$16 -> 0 | EE10: ='5'!$BN$17 -> 0 | EF10: ='5'!$BO$17 -> 0 | EG10: ='5'!$BP$17 -> 0 | EH10: ='5'!$BQ$17 -> 0 | EI10: ='5'!$BR$17 -> 0 | EJ10: ='5'!$BS$17 -> 0 | EK10: ='5'!$BT$17 -> 0 | EL10: ='5'!$BU$17 -> 0 | EM10: ='5'!$BV$17 -> 0 | EN10: ='5'!$BW$17 -> 0 | EO10: ='5'!$BX$17 -> 0 | EP10: ='5'!$BY$17 -> 0 | EQ10: ='5'!$BN$18 -> 0 | ER10: ='5'!$BO$18 -> 0 | ES10: ='5'!$BP$18 -> 0 | ET10: ='5'!$BQ$18 -> 0 | EU10: ='5'!$BR$18 -> 0 | EV10: ='5'!$BS$18 -> 0 | EW10: ='5'!$BT$18 -> 0 | EX10: ='5'!$BU$18 -> 0 | EY10: ='5'!$BV$18 -> 0 | EZ10: ='5'!$BW$18 -> 0 | FA10: ='5'!$BX$18 -> 0 | FB10: ='5'!$BY$18 -> 0 | FC10: ='5'!$BN$19 -> 0 | FD10: ='5'!$BO$19 -> 0 | FE10: ='5'!$BP$19 -> 0 | FF10: ='5'!$BQ$19 -> 0 | FG10: ='5'!$BR$19 -> 0 | FH10: ='5'!$BS$19 -> 0 | FI10: ='5'!$BT$19 -> 0 | FJ10: ='5'!$BU$19 -> 0 | FK10: ='5'!$BV$19 -> 0 | FL10: ='5'!$BW$19 -> 0 | FM10: ='5'!$BX$19 -> 0 | FN10: ='5'!$BY$19 -> 0 | FO10: ='5'!$BN$20 -> 0 | FP10: ='5'!$BO$20 -> 0 | FQ10: ='5'!$BP$20 -> 0 | FR10: ='5'!$BQ$20 -> 0 | FS10: ='5'!$BR$20 -> 0 | FT10: ='5'!$BS$20 -> 0 | FU10: ='5'!$BT$20 -> 0 | FV10: ='5'!$BU$20 -> 0 | FW10: ='5'!$BV$20 -> 0 | FX10: ='5'!$BW$20 -> 0 | FY10: ='5'!$BX$20 -> 0 | FZ10: ='5'!$BY$20 -> 0 | GA10: ='5'!$BN$21 -> 0 | GB10: ='5'!$BO$21 -> 0 | GC10: ='5'!$BP$21 -> 0 | GD10: ='5'!$BQ$21 -> 0 | GE10: ='5'!$BR$21 -> 0 | GF10: ='5'!$BS$21 -> 0 | GG10: ='5'!$BT$21 -> 0 | GH10: ='5'!$BU$21 -> 0 | GI10: ='5'!$BV$21 -> 0 | GJ10: ='5'!$BW$21 -> 0 | GK10: ='5'!$BX$21 -> 0 | GL10: ='5'!$BY$21 -> 0 | GM10: ='5'!$BN$22 -> 0 | GN10: ='5'!$BO$22 -> 0 | GO10: ='5'!$BP$22 -> 0 | GP10: ='5'!$BQ$22 -> 0 | GQ10: ='5'!$BR$22 -> 0 | GR10: ='5'!$BS$22 -> 0 | GS10: ='5'!$BT$22 -> 0 | GT10: ='5'!$BU$22 -> 0 | GU10: ='5'!$BV$22 -> 0 | GV10: ='5'!$BW$22 -> 0 | GW10: ='5'!$BX$22 -> 0 | GX10: ='5'!$BY$22 -> 0 | GY10: ='5'!$BN$23 -> 0 | GZ10: ='5'!$BO$23 -> 0 | HA10: ='5'!$BP$23 -> 0 | HB10: ='5'!$BQ$23 -> 0 | HC10: ='5'!$BR$23 -> 0 | HD10: ='5'!$BS$23 -> 0 | HE10: ='5'!$BT$23 -> 0 | HF10: ='5'!$BU$23 -> 0 | HG10: ='5'!$BV$23 -> 0 | HH10: ='5'!$BW$23 -> 0 | HI10: ='5'!$BX$23 -> 0 | HJ10: ='5'!$BY$23 -> 0 | HK10: ='5'!$BN$24 -> 0 | HL10: ='5'!$BO$24 -> 0 | HM10: ='5'!$BP$24 -> 0 | HN10: ='5'!$BQ$24 -> 0 | HO10: ='5'!$BR$24 -> 0 | HP10: ='5'!$BS$24 -> 0 | HQ10: ='5'!$BT$24 -> 0 | HR10: ='5'!$BU$24 -> 0 | HS10: ='5'!$BV$24 -> 0 | HT10: ='5'!$BW$24 -> 0 | HU10: ='5'!$BX$24 -> 0 | HV10: ='5'!$BY$24 -> 0 | HW10: ='5'!$BN$25 -> 0 | HX10: ='5'!$BO$25 -> 0 | HY10: ='5'!$BP$25 -> 0 | HZ10: ='5'!$BQ$25 -> 0 | IA10: ='5'!$BR$25 -> 0 | IB10: ='5'!$BS$25 -> 0 | IC10: ='5'!$BT$25 -> 0 | ID10: ='5'!$BU$25 -> 0 | IE10: ='5'!$BV$25 -> 0 | IF10: ='5'!$BW$25 -> 0 | IG10: ='5'!$BX$25 -> 0 | IH10: ='5'!$BY$25 -> 0 | II10: ='5'!$BN$26 -> 0 | IJ10: ='5'!$BO$26 -> 0 | IK10: ='5'!$BP$26 -> 0 | IL10: ='5'!$BQ$26 -> 0 | IM10: ='5'!$BR$26 -> 0 | IN10: ='5'!$BS$26 -> 0 | IO10: ='5'!$BT$26 -> 0 | IP10: ='5'!$BU$26 -> 0 | IQ10: ='5'!$BV$26 -> 0 | IR10: ='5'!$BW$26 -> 0 | IS10: ='5'!$BX$26 -> 0 | IT10: ='5'!$BY$26 -> 0 | IU10: ='5'!$BN$27 -> 0 | IV10: ='5'!$BO$27 -> 0 | IW10: ='5'!$BP$27 -> 0 | IX10: ='5'!$BQ$27 -> 0 | IY10: ='5'!$BR$27 -> 0 | IZ10: ='5'!$BS$27 -> 0 | JA10: ='5'!$BT$27 -> 0 | JB10: ='5'!$BU$27 -> 0 | JC10: ='5'!$BV$27 -> 0 | JD10: ='5'!$BW$27 -> 0 | JE10: ='5'!$BX$27 -> 0 | JF10: ='5'!$BY$27 -> 0 | JG10: ='5'!$BN$28 -> 0 | JH10: ='5'!$BO$28 -> 0 | JI10: ='5'!$BP$28 -> 0 | JJ10: ='5'!$BQ$28 -> 0 | JK10: ='5'!$BR$28 -> 0 | JL10: ='5'!$BS$28 -> 0 | JM10: ='5'!$BT$28 -> 0 | JN10: ='5'!$BU$28 -> 0 | JO10: ='5'!$BV$28 -> 0 | JP10: ='5'!$BW$28 -> 0 | JQ10: ='5'!$BX$28 -> 0 | JR10: ='5'!$BY$28 -> 0 | JS10: ='5'!$BN$29 -> 0 | JT10: ='5'!$BO$29 -> 0 | JU10: ='5'!$BP$29 -> 0 | JV10: ='5'!$BQ$29 -> 0 | JW10: ='5'!$BR$29 -> 0 | JX10: ='5'!$BS$29 -> 0 | JY10: ='5'!$BT$29 -> 0 | JZ10: ='5'!$BU$29 -> 0 | KA10: ='5'!$BV$29 -> 0 | KB10: ='5'!$BW$29 -> 0 | KC10: ='5'!$BX$29 -> 0 | KD10: ='5'!$BY$29 -> 0
